-- phpMyAdmin SQL Dump
-- version 5.2.1
-- https://www.phpmyadmin.net/
--
-- Host: localhost
-- Generation Time: Aug 22, 2024 at 06:44 AM
-- Server version: 8.0.39-0ubuntu0.20.04.1
-- PHP Version: 8.2.22

SET SQL_MODE = "NO_AUTO_VALUE_ON_ZERO";
START TRANSACTION;
SET time_zone = "+00:00";


/*!40101 SET @OLD_CHARACTER_SET_CLIENT=@@CHARACTER_SET_CLIENT */;
/*!40101 SET @OLD_CHARACTER_SET_RESULTS=@@CHARACTER_SET_RESULTS */;
/*!40101 SET @OLD_COLLATION_CONNECTION=@@COLLATION_CONNECTION */;
/*!40101 SET NAMES utf8mb4 */;

--
-- Database: `8rayshop.com`
--

-- --------------------------------------------------------

--
-- Table structure for table `accountants`
--

CREATE TABLE `accountants` (
  `id` bigint UNSIGNED NOT NULL,
  `product_id` bigint UNSIGNED NOT NULL,
  `brand_id` bigint UNSIGNED NOT NULL,
  `total_purchase_price` int DEFAULT NULL,
  `total_purchase_qty` int DEFAULT NULL,
  `purchase_date` varchar(255) COLLATE utf8mb4_unicode_ci DEFAULT NULL,
  `created_at` timestamp NULL DEFAULT NULL,
  `updated_at` timestamp NULL DEFAULT NULL
) ENGINE=InnoDB DEFAULT CHARSET=utf8mb4 COLLATE=utf8mb4_unicode_ci;

-- --------------------------------------------------------

--
-- Table structure for table `branches`
--

CREATE TABLE `branches` (
  `id` bigint UNSIGNED NOT NULL,
  `branch_name` varchar(255) COLLATE utf8mb4_unicode_ci NOT NULL,
  `created_at` timestamp NULL DEFAULT NULL,
  `updated_at` timestamp NULL DEFAULT NULL
) ENGINE=InnoDB DEFAULT CHARSET=utf8mb4 COLLATE=utf8mb4_unicode_ci;

--
-- Dumping data for table `branches`
--

INSERT INTO `branches` (`id`, `branch_name`, `created_at`, `updated_at`) VALUES
(1, '8ray(Main)', '2024-08-18 04:51:28', '2024-08-18 04:51:28'),
(2, '8ray(Gamont Phwint)', '2024-08-18 04:51:28', '2024-08-18 04:51:28');

-- --------------------------------------------------------

--
-- Table structure for table `brands`
--

CREATE TABLE `brands` (
  `id` bigint UNSIGNED NOT NULL,
  `brand_name` varchar(255) COLLATE utf8mb4_unicode_ci NOT NULL,
  `brand_slug` varchar(255) COLLATE utf8mb4_unicode_ci NOT NULL,
  `brand_image` varchar(255) COLLATE utf8mb4_unicode_ci DEFAULT NULL,
  `created_at` timestamp NULL DEFAULT NULL,
  `updated_at` timestamp NULL DEFAULT NULL
) ENGINE=InnoDB DEFAULT CHARSET=utf8mb4 COLLATE=utf8mb4_unicode_ci;

--
-- Dumping data for table `brands`
--

INSERT INTO `brands` (`id`, `brand_name`, `brand_slug`, `brand_image`, `created_at`, `updated_at`) VALUES
(1, 'none', 'none', NULL, '2024-08-18 04:51:28', '2024-08-18 04:51:28'),
(2, 'Telesin', 'telesin', NULL, '2024-08-18 04:51:28', '2024-08-18 04:51:28'),
(3, 'Puluz', 'puluz', NULL, '2024-08-18 04:51:28', '2024-08-18 04:51:28'),
(4, 'Digitkek', 'digitkek', NULL, '2024-08-18 04:51:28', '2024-08-18 04:51:28'),
(5, 'Shoot', 'shoot', NULL, '2024-08-18 04:51:28', '2024-08-18 04:51:28'),
(6, 'Ulanzi', 'ulanzi', NULL, '2024-08-18 04:51:28', '2024-08-18 04:51:28'),
(7, 'Gopro', 'gopro', NULL, '2024-08-18 04:51:28', '2024-08-18 04:51:28'),
(8, 'Maono', 'maono', NULL, '2024-08-18 04:51:28', '2024-08-18 04:51:28'),
(9, 'Lilliput', 'lilliput', NULL, '2024-08-18 04:51:28', '2024-08-18 04:51:28'),
(10, 'Uniview', 'uniview', NULL, '2024-08-18 04:51:28', '2024-08-18 04:51:28'),
(11, 'Boya', 'boya', NULL, '2024-08-18 04:51:28', '2024-08-18 04:51:28'),
(12, 'Rode', 'rode', NULL, '2024-08-18 04:51:28', '2024-08-18 04:51:28'),
(13, 'Atem mini pro', 'atem-mini-pro', NULL, '2024-08-18 04:51:28', '2024-08-18 04:51:28'),
(14, 'Onten', 'onten', NULL, '2024-08-18 04:51:28', '2024-08-18 04:51:28'),
(15, 'Elgato', 'elgato', NULL, '2024-08-18 04:51:28', '2024-08-18 04:51:28'),
(16, 'FoG Machine', 'fog-machine', NULL, '2024-08-18 04:51:28', '2024-08-18 04:51:28'),
(17, 'Orico', 'orico', NULL, '2024-08-18 04:51:28', '2024-08-18 04:51:28'),
(18, 'Micropack', 'micropack', NULL, '2024-08-18 04:51:28', '2024-08-18 04:51:28'),
(19, 'Verbatim', 'verbatim', NULL, '2024-08-18 04:51:28', '2024-08-18 04:51:28'),
(20, 'Barmaso', 'barmaso', NULL, '2024-08-18 04:51:28', '2024-08-18 04:51:28'),
(21, 'Hik', 'hik', NULL, '2024-08-18 04:51:28', '2024-08-18 04:51:28'),
(22, 'Dahua', 'dahua', NULL, '2024-08-18 04:51:28', '2024-08-18 04:51:28'),
(23, 'Imou', 'imou', NULL, '2024-08-18 04:51:28', '2024-08-18 04:51:28'),
(24, 'Hohem', 'hohem', NULL, '2024-08-18 04:51:28', '2024-08-18 04:51:28'),
(25, 'Skullcandy', 'skullcandy', NULL, '2024-08-18 04:51:28', '2024-08-18 04:51:28'),
(26, 'Aukey', 'aukey', NULL, '2024-08-18 04:51:28', '2024-08-18 04:51:28'),
(27, 'Picun', 'picun', NULL, '2024-08-18 04:51:28', '2024-08-18 04:51:28'),
(28, 'Tronsmart', 'tronsmart', NULL, '2024-08-18 04:51:28', '2024-08-18 04:51:28'),
(29, 'Envie', 'envie', NULL, '2024-08-18 04:51:28', '2024-08-18 04:51:28'),
(30, 'Infinite', 'infinite', NULL, '2024-08-18 04:51:28', '2024-08-18 04:51:28'),
(31, 'Kingma', 'kingma', NULL, '2024-08-18 04:51:28', '2024-08-18 04:51:28'),
(32, 'Kimasing', 'kimasing', NULL, '2024-08-18 04:51:28', '2024-08-18 04:51:28'),
(33, 'Nanlite', 'nanlite', NULL, '2024-08-18 04:51:28', '2024-08-18 04:51:28'),
(34, 'Mars', 'mars', NULL, '2024-08-18 04:51:28', '2024-08-18 04:51:28'),
(35, 'Fantech', 'fantech', NULL, '2024-08-18 04:51:28', '2024-08-18 04:51:28'),
(36, 'Ugreen', 'ugreen', NULL, '2024-08-18 04:51:28', '2024-08-18 04:51:28'),
(37, 'Sun', 'sun', NULL, '2024-08-18 04:51:28', '2024-08-18 04:51:28'),
(38, 'Redragon', 'redragon', NULL, '2024-08-18 04:51:28', '2024-08-18 04:51:28'),
(39, 'WGp', 'wgp', NULL, '2024-08-18 04:51:28', '2024-08-18 04:51:28'),
(40, 'Ezviz', 'ezviz', NULL, '2024-08-18 04:51:28', '2024-08-18 04:51:28'),
(41, 'UNV', 'unv', NULL, '2024-08-18 04:51:28', '2024-08-18 04:51:28'),
(42, 'Botslab', 'botslab', NULL, '2024-08-18 04:51:28', '2024-08-18 04:51:28');

-- --------------------------------------------------------

--
-- Table structure for table `category_subcategory_belongs`
--

CREATE TABLE `category_subcategory_belongs` (
  `product_category_id` bigint UNSIGNED NOT NULL,
  `product_subcategory_id` bigint UNSIGNED NOT NULL
) ENGINE=InnoDB DEFAULT CHARSET=utf8mb4 COLLATE=utf8mb4_unicode_ci;

--
-- Dumping data for table `category_subcategory_belongs`
--

INSERT INTO `category_subcategory_belongs` (`product_category_id`, `product_subcategory_id`) VALUES
(1, 1),
(8, 2),
(8, 3),
(8, 4),
(8, 5),
(8, 6),
(8, 7),
(8, 8),
(8, 9),
(9, 10),
(9, 11),
(9, 12),
(11, 13),
(11, 14),
(11, 15);

-- --------------------------------------------------------

--
-- Table structure for table `comments`
--

CREATE TABLE `comments` (
  `id` bigint UNSIGNED NOT NULL,
  `user_id` bigint UNSIGNED NOT NULL,
  `parent_id` bigint UNSIGNED DEFAULT NULL,
  `product_id` bigint UNSIGNED NOT NULL,
  `content` text COLLATE utf8mb4_unicode_ci NOT NULL,
  `created_at` timestamp NULL DEFAULT NULL,
  `updated_at` timestamp NULL DEFAULT NULL
) ENGINE=InnoDB DEFAULT CHARSET=utf8mb4 COLLATE=utf8mb4_unicode_ci;

-- --------------------------------------------------------

--
-- Table structure for table `compares`
--

CREATE TABLE `compares` (
  `id` bigint UNSIGNED NOT NULL,
  `user_id` bigint UNSIGNED NOT NULL,
  `product_id` bigint UNSIGNED NOT NULL,
  `created_at` timestamp NULL DEFAULT NULL,
  `updated_at` timestamp NULL DEFAULT NULL
) ENGINE=InnoDB DEFAULT CHARSET=utf8mb4 COLLATE=utf8mb4_unicode_ci;

--
-- Dumping data for table `compares`
--

INSERT INTO `compares` (`id`, `user_id`, `product_id`, `created_at`, `updated_at`) VALUES
(1, 3, 6, '2024-08-19 09:15:37', NULL);

-- --------------------------------------------------------

--
-- Table structure for table `coupons`
--

CREATE TABLE `coupons` (
  `id` bigint UNSIGNED NOT NULL,
  `coupon_name` varchar(255) COLLATE utf8mb4_unicode_ci NOT NULL,
  `coupon_discount` int NOT NULL,
  `coupon_validity` varchar(255) COLLATE utf8mb4_unicode_ci NOT NULL,
  `coupon_qty` int NOT NULL DEFAULT '0',
  `status` int NOT NULL DEFAULT '1',
  `created_at` timestamp NULL DEFAULT NULL,
  `updated_at` timestamp NULL DEFAULT NULL
) ENGINE=InnoDB DEFAULT CHARSET=utf8mb4 COLLATE=utf8mb4_unicode_ci;

-- --------------------------------------------------------

--
-- Table structure for table `employee_infos`
--

CREATE TABLE `employee_infos` (
  `id` bigint UNSIGNED NOT NULL,
  `user_id` bigint UNSIGNED NOT NULL,
  `gender` varchar(255) COLLATE utf8mb4_unicode_ci NOT NULL DEFAULT 'other',
  `address` varchar(255) COLLATE utf8mb4_unicode_ci DEFAULT NULL,
  `created_at` timestamp NULL DEFAULT NULL,
  `updated_at` timestamp NULL DEFAULT NULL
) ENGINE=InnoDB DEFAULT CHARSET=utf8mb4 COLLATE=utf8mb4_unicode_ci;

--
-- Dumping data for table `employee_infos`
--

INSERT INTO `employee_infos` (`id`, `user_id`, `gender`, `address`, `created_at`, `updated_at`) VALUES
(1, 3, 'other', 'Sample Address 1', '2024-08-18 04:51:27', '2024-08-18 04:51:27'),
(2, 4, 'other', 'Sample Address 2', '2024-08-18 04:51:27', '2024-08-18 04:51:27');

-- --------------------------------------------------------

--
-- Table structure for table `failed_jobs`
--

CREATE TABLE `failed_jobs` (
  `id` bigint UNSIGNED NOT NULL,
  `uuid` varchar(255) COLLATE utf8mb4_unicode_ci NOT NULL,
  `connection` text COLLATE utf8mb4_unicode_ci NOT NULL,
  `queue` text COLLATE utf8mb4_unicode_ci NOT NULL,
  `payload` longtext COLLATE utf8mb4_unicode_ci NOT NULL,
  `exception` longtext COLLATE utf8mb4_unicode_ci NOT NULL,
  `failed_at` timestamp NOT NULL DEFAULT CURRENT_TIMESTAMP
) ENGINE=InnoDB DEFAULT CHARSET=utf8mb4 COLLATE=utf8mb4_unicode_ci;

-- --------------------------------------------------------

--
-- Table structure for table `migrations`
--

CREATE TABLE `migrations` (
  `id` int UNSIGNED NOT NULL,
  `migration` varchar(255) COLLATE utf8mb4_unicode_ci NOT NULL,
  `batch` int NOT NULL
) ENGINE=InnoDB DEFAULT CHARSET=utf8mb4 COLLATE=utf8mb4_unicode_ci;

--
-- Dumping data for table `migrations`
--

INSERT INTO `migrations` (`id`, `migration`, `batch`) VALUES
(1, '2014_10_12_000000_create_users_table', 1),
(2, '2014_10_12_100000_create_password_reset_tokens_table', 1),
(3, '2019_08_19_000000_create_failed_jobs_table', 1),
(4, '2019_12_14_000001_create_personal_access_tokens_table', 1),
(5, '2024_03_26_045236_create_permission_tables', 1),
(6, '2024_04_05_062731_create_employee_infos_table', 1),
(7, '2024_04_08_072328_create_salaries_table', 1),
(8, '2024_06_05_104017_create_brands_table', 1),
(9, '2024_06_07_060443_create_product_categories_table', 1),
(10, '2024_06_07_072553_create_product_sub_categories_table', 1),
(11, '2024_06_07_152600_create_product_types_table', 1),
(12, '2024_06_11_050838_create_product_colors_table', 1),
(13, '2024_06_11_050839_create_products_table', 1),
(14, '2024_06_11_050840_create_product_infos_table', 1),
(15, '2024_06_11_050841_create_branches_table', 1),
(16, '2024_06_11_050842_create_multi_imgs_table', 1),
(17, '2024_06_11_052320_create_stocks_table', 1),
(18, '2024_06_11_053507_create_product_color_belongs_table', 1),
(19, '2024_06_11_053520_create_product_brand_belongs_table', 1),
(20, '2024_06_11_062843_create_product_category_belongs_table', 1),
(21, '2024_06_11_062850_create_product_subcategory_belongs_table', 1),
(22, '2024_06_11_074529_create_category_subcategory_belongs_table', 1),
(23, '2024_06_26_034949_create_prices_table', 1),
(24, '2024_07_05_170816_create_comments_table', 1),
(25, '2024_07_12_054012_create_shoppingcart_table', 1),
(26, '2024_07_13_052333_create_wishlists_table', 1),
(27, '2024_07_13_150608_create_compares_table', 1),
(28, '2024_07_14_160422_create_coupons_table', 1),
(29, '2024_07_15_013440_create_ship_districts_table', 1),
(30, '2024_07_15_013525_create_ship_divisions_table', 1),
(31, '2024_07_15_013600_create_ship_states_table', 1),
(32, '2024_07_17_081307_create_orders_table', 1),
(33, '2024_07_17_081329_create_order_items_table', 1),
(34, '2024_07_17_085206_create_user_infos_table', 1),
(35, '2024_07_22_094731_create_stock_errors_table', 1),
(36, '2024_07_26_070434_create_stock_movements_table', 1),
(37, '2024_08_08_100858_create_accountants_table', 1),
(38, '2024_08_11_103456_create_return_orders_table', 1);

-- --------------------------------------------------------

--
-- Table structure for table `model_has_permissions`
--

CREATE TABLE `model_has_permissions` (
  `permission_id` bigint UNSIGNED NOT NULL,
  `model_type` varchar(255) COLLATE utf8mb4_unicode_ci NOT NULL,
  `model_id` bigint UNSIGNED NOT NULL
) ENGINE=InnoDB DEFAULT CHARSET=utf8mb4 COLLATE=utf8mb4_unicode_ci;

-- --------------------------------------------------------

--
-- Table structure for table `model_has_roles`
--

CREATE TABLE `model_has_roles` (
  `role_id` bigint UNSIGNED NOT NULL,
  `model_type` varchar(255) COLLATE utf8mb4_unicode_ci NOT NULL,
  `model_id` bigint UNSIGNED NOT NULL
) ENGINE=InnoDB DEFAULT CHARSET=utf8mb4 COLLATE=utf8mb4_unicode_ci;

--
-- Dumping data for table `model_has_roles`
--

INSERT INTO `model_has_roles` (`role_id`, `model_type`, `model_id`) VALUES
(1, 'App\\Models\\User', 1),
(2, 'App\\Models\\User', 2),
(3, 'App\\Models\\User', 3),
(4, 'App\\Models\\User', 4);

-- --------------------------------------------------------

--
-- Table structure for table `multi_imgs`
--

CREATE TABLE `multi_imgs` (
  `id` bigint UNSIGNED NOT NULL,
  `product_id` int NOT NULL,
  `photo_name` varchar(255) COLLATE utf8mb4_unicode_ci NOT NULL,
  `sort_order` int NOT NULL DEFAULT '0',
  `created_at` timestamp NULL DEFAULT NULL,
  `updated_at` timestamp NULL DEFAULT NULL
) ENGINE=InnoDB DEFAULT CHARSET=utf8mb4 COLLATE=utf8mb4_unicode_ci;

--
-- Dumping data for table `multi_imgs`
--

INSERT INTO `multi_imgs` (`id`, `product_id`, `photo_name`, `sort_order`, `created_at`, `updated_at`) VALUES
(1, 1, '1807700290496610.jpg', 0, '2024-08-18 05:02:18', '2024-08-18 05:02:18'),
(2, 1, '1807700290521953.jpg', 0, '2024-08-18 05:02:18', '2024-08-18 05:02:18'),
(3, 2, '1807788077060400.webp', 0, '2024-08-19 04:17:38', '2024-08-19 04:17:38'),
(4, 2, '1807788077127069.webp', 0, '2024-08-19 04:17:38', '2024-08-19 04:17:38'),
(5, 2, '1807788077194911.webp', 0, '2024-08-19 04:17:38', '2024-08-19 04:17:38'),
(6, 2, '1807788077267887.webp', 0, '2024-08-19 04:17:38', '2024-08-19 04:17:38'),
(7, 2, '1807788077344032.webp', 0, '2024-08-19 04:17:38', '2024-08-19 04:17:38'),
(8, 3, '1807789167921449.webp', 0, '2024-08-19 04:34:59', '2024-08-19 04:34:59'),
(9, 3, '1807789168049760.webp', 0, '2024-08-19 04:34:59', '2024-08-19 04:34:59'),
(10, 3, '1807789168128312.webp', 0, '2024-08-19 04:34:59', '2024-08-19 04:34:59'),
(11, 3, '1807789168195284.webp', 0, '2024-08-19 04:34:59', '2024-08-19 04:34:59'),
(12, 3, '1807789168255118.webp', 0, '2024-08-19 04:34:59', '2024-08-19 04:34:59'),
(13, 3, '1807789168319849.webp', 0, '2024-08-19 04:34:59', '2024-08-19 04:34:59'),
(14, 3, '1807789168411024.webp', 0, '2024-08-19 04:34:59', '2024-08-19 04:34:59'),
(15, 4, '1807789933663801.webp', 0, '2024-08-19 04:47:09', '2024-08-19 04:47:09'),
(16, 4, '1807789933735970.webp', 0, '2024-08-19 04:47:09', '2024-08-19 04:47:09'),
(17, 4, '1807789933800232.webp', 0, '2024-08-19 04:47:09', '2024-08-19 04:47:09'),
(18, 4, '1807789933867521.webp', 0, '2024-08-19 04:47:09', '2024-08-19 04:47:09'),
(19, 4, '1807789933935343.webp', 0, '2024-08-19 04:47:09', '2024-08-19 04:47:09'),
(20, 5, '1807792570233658.jpg', 0, '2024-08-19 05:29:03', '2024-08-19 05:29:03'),
(21, 5, '1807792570296652.webp', 0, '2024-08-19 05:29:03', '2024-08-19 05:29:03'),
(22, 5, '1807792570353739.webp', 0, '2024-08-19 05:29:03', '2024-08-19 05:29:03'),
(23, 5, '1807792570406684.webp', 0, '2024-08-19 05:29:03', '2024-08-19 05:29:03'),
(24, 5, '1807792570467094.webp', 0, '2024-08-19 05:29:04', '2024-08-19 05:29:04'),
(25, 5, '1807792570812467.webp', 0, '2024-08-19 05:29:04', '2024-08-19 05:29:04'),
(26, 6, '1807793958515665.jpg', 0, '2024-08-19 05:51:07', '2024-08-19 05:51:07'),
(27, 6, '1807793958569681.jpg', 0, '2024-08-19 05:51:07', '2024-08-19 05:51:07'),
(28, 6, '1807793958624722.jpg', 0, '2024-08-19 05:51:07', '2024-08-19 05:51:07'),
(29, 6, '1807793958684857.jpg', 0, '2024-08-19 05:51:07', '2024-08-19 05:51:07'),
(34, 8, '1807797204899057.jpg', 0, '2024-08-19 06:42:43', '2024-08-19 06:42:43'),
(35, 8, '1807797204954292.jpg', 0, '2024-08-19 06:42:43', '2024-08-19 06:42:43'),
(36, 8, '1807797205019014.jpg', 0, '2024-08-19 06:42:43', '2024-08-19 06:42:43'),
(37, 8, '1807797205070892.jpg', 0, '2024-08-19 06:42:43', '2024-08-19 06:42:43'),
(38, 9, '1807797660724949.jpg', 0, '2024-08-19 06:49:58', '2024-08-19 06:49:58'),
(39, 9, '1807797660782674.jpg', 0, '2024-08-19 06:49:58', '2024-08-19 06:49:58'),
(40, 9, '1807797660838080.jpg', 0, '2024-08-19 06:49:58', '2024-08-19 06:49:58'),
(41, 9, '1807797660892743.jpg', 0, '2024-08-19 06:49:58', '2024-08-19 06:49:58'),
(52, 15, '1807804219349114.jpg', 0, '2024-08-19 08:34:13', '2024-08-19 08:34:13'),
(54, 15, '1807804219370876.jpg', 0, '2024-08-19 08:34:13', '2024-08-19 08:34:13'),
(55, 15, '1807804219381863.jpg', 0, '2024-08-19 08:34:13', '2024-08-19 08:34:13'),
(56, 15, '1807804219393570.jpg', 0, '2024-08-19 08:34:13', '2024-08-19 08:34:13'),
(57, 15, '1807804219404211.jpg', 0, '2024-08-19 08:34:13', '2024-08-19 08:34:13'),
(58, 15, '1807804219414974.jpg', 0, '2024-08-19 08:34:13', '2024-08-19 08:34:13'),
(59, 16, '1807805136419535.jpg', 0, '2024-08-19 08:48:47', '2024-08-19 08:48:47'),
(60, 16, '1807805136429980.jpg', 0, '2024-08-19 08:48:47', '2024-08-19 08:48:47'),
(61, 16, '1807805136440918.jpg', 0, '2024-08-19 08:48:47', '2024-08-19 08:48:47'),
(62, 16, '1807805136453946.jpg', 0, '2024-08-19 08:48:47', '2024-08-19 08:48:47'),
(63, 16, '1807805136467415.jpg', 0, '2024-08-19 08:48:47', '2024-08-19 08:48:47'),
(64, 16, '1807805136479512.jpg', 0, '2024-08-19 08:48:47', '2024-08-19 08:48:47'),
(65, 17, '1807806396467651.webp', 0, '2024-08-19 09:08:49', '2024-08-19 09:08:49'),
(66, 17, '1807806396536850.webp', 0, '2024-08-19 09:08:49', '2024-08-19 09:08:49'),
(67, 17, '1807806396605723.webp', 0, '2024-08-19 09:08:49', '2024-08-19 09:08:49'),
(68, 17, '1807806396677420.webp', 0, '2024-08-19 09:08:49', '2024-08-19 09:08:49'),
(69, 17, '1807806396747035.webp', 0, '2024-08-19 09:08:49', '2024-08-19 09:08:49'),
(75, 19, '1807808400298937.webp', 0, '2024-08-19 09:40:40', '2024-08-19 09:40:40'),
(76, 19, '1807808400421139.jpg', 0, '2024-08-19 09:40:40', '2024-08-19 09:40:40'),
(77, 19, '1807808400477147.jpg', 0, '2024-08-19 09:40:40', '2024-08-19 09:40:40'),
(78, 19, '1807808400529855.jpg', 0, '2024-08-19 09:40:40', '2024-08-19 09:40:40'),
(79, 19, '1807808400581276.jpg', 0, '2024-08-19 09:40:40', '2024-08-19 09:40:40'),
(80, 19, '1807808400631245.jpg', 0, '2024-08-19 09:40:40', '2024-08-19 09:40:40'),
(81, 20, '1807808970824135.jpg', 0, '2024-08-19 09:49:44', '2024-08-19 09:49:44'),
(82, 20, '1807808970871368.jpg', 0, '2024-08-19 09:49:44', '2024-08-19 09:49:44'),
(83, 20, '1807808970911632.jpg', 0, '2024-08-19 09:49:44', '2024-08-19 09:49:44'),
(84, 20, '1807808970949664.jpg', 0, '2024-08-19 09:49:44', '2024-08-19 09:49:44'),
(85, 21, '1807809661134119.webp', 0, '2024-08-19 10:00:42', '2024-08-19 10:00:42'),
(86, 21, '1807809661193291.webp', 0, '2024-08-19 10:00:42', '2024-08-19 10:00:42'),
(87, 21, '1807809661260535.webp', 0, '2024-08-19 10:00:42', '2024-08-19 10:00:42'),
(88, 21, '1807809661311915.webp', 0, '2024-08-19 10:00:43', '2024-08-19 10:00:43'),
(89, 21, '1807809661419177.webp', 0, '2024-08-19 10:00:43', '2024-08-19 10:00:43'),
(90, 21, '1807809661476368.webp', 0, '2024-08-19 10:00:43', '2024-08-19 10:00:43'),
(91, 21, '1807809661538619.webp', 0, '2024-08-19 10:00:43', '2024-08-19 10:00:43'),
(92, 22, '1807810512149344.webp', 0, '2024-08-19 10:14:14', '2024-08-19 10:14:14'),
(93, 22, '1807810512221886.webp', 0, '2024-08-19 10:14:14', '2024-08-19 10:14:14'),
(94, 22, '1807810512278519.webp', 0, '2024-08-19 10:14:14', '2024-08-19 10:14:14'),
(95, 22, '1807810512344844.webp', 0, '2024-08-19 10:14:14', '2024-08-19 10:14:14'),
(96, 22, '1807810512402107.webp', 0, '2024-08-19 10:14:14', '2024-08-19 10:14:14'),
(97, 22, '1807810512463945.webp', 0, '2024-08-19 10:14:14', '2024-08-19 10:14:14'),
(98, 22, '1807810512519498.webp', 0, '2024-08-19 10:14:14', '2024-08-19 10:14:14'),
(99, 22, '1807810512576166.webp', 0, '2024-08-19 10:14:14', '2024-08-19 10:14:14'),
(100, 23, '1807811025953397.webp', 0, '2024-08-19 10:22:24', '2024-08-19 10:22:24'),
(101, 23, '1807811025992369.webp', 0, '2024-08-19 10:22:24', '2024-08-19 10:22:24'),
(102, 23, '1807811026064142.webp', 0, '2024-08-19 10:22:24', '2024-08-19 10:22:24'),
(103, 23, '1807811026118654.webp', 0, '2024-08-19 10:22:24', '2024-08-19 10:22:24'),
(104, 23, '1807811026169652.webp', 0, '2024-08-19 10:22:24', '2024-08-19 10:22:24'),
(105, 23, '1807811026231742.webp', 0, '2024-08-19 10:22:24', '2024-08-19 10:22:24'),
(106, 23, '1807811026296800.webp', 0, '2024-08-19 10:22:24', '2024-08-19 10:22:24'),
(107, 23, '1807811026354076.webp', 0, '2024-08-19 10:22:24', '2024-08-19 10:22:24'),
(111, 12, '1807813405485996.png', 0, '2024-08-19 11:00:13', '2024-08-19 11:00:13'),
(112, 12, '1807813405508792.webp', 0, '2024-08-19 11:00:13', '2024-08-19 11:00:13'),
(113, 12, '1807813405517351.webp', 0, '2024-08-19 11:00:13', '2024-08-19 11:00:13'),
(114, 12, '1807813405525437.webp', 0, '2024-08-19 11:00:13', '2024-08-19 11:00:13'),
(116, 11, '1807814113505755.webp', 0, '2024-08-19 11:11:28', '2024-08-19 11:11:28'),
(117, 11, '1807814113512989.webp', 0, '2024-08-19 11:11:28', '2024-08-19 11:11:28'),
(118, 11, '1807814113517303.webp', 0, '2024-08-19 11:11:28', '2024-08-19 11:11:28'),
(119, 11, '1807814113522027.webp', 0, '2024-08-19 11:11:28', '2024-08-19 11:11:28'),
(120, 14, '1807814487827262.jpg', 0, '2024-08-19 11:17:25', '2024-08-19 11:17:25'),
(121, 14, '1807814487832980.jpg', 0, '2024-08-19 11:17:25', '2024-08-19 11:17:25'),
(122, 14, '1807814487835930.jpg', 0, '2024-08-19 11:17:25', '2024-08-19 11:17:25'),
(123, 14, '1807814487839139.webp', 0, '2024-08-19 11:17:25', '2024-08-19 11:17:25'),
(124, 14, '1807814487843877.jpg', 0, '2024-08-19 11:17:25', '2024-08-19 11:17:25'),
(125, 13, '1807816094142447.webp', 0, '2024-08-19 11:42:57', '2024-08-19 11:42:57'),
(126, 13, '1807816094150412.jpg', 0, '2024-08-19 11:42:57', '2024-08-19 11:42:57'),
(127, 13, '1807816094159485.webp', 0, '2024-08-19 11:42:57', '2024-08-19 11:42:57'),
(128, 13, '1807816094168178.jpg', 0, '2024-08-19 11:42:57', '2024-08-19 11:42:57'),
(129, 13, '1807816094175893.webp', 0, '2024-08-19 11:42:57', '2024-08-19 11:42:57'),
(130, 13, '1807816094181038.jpg', 0, '2024-08-19 11:42:57', '2024-08-19 11:42:57'),
(137, 24, '1807876592785946.jpg', 0, '2024-08-20 03:44:33', '2024-08-20 03:44:33'),
(138, 24, '1807876592839969.jpg', 0, '2024-08-20 03:44:33', '2024-08-20 03:44:33'),
(139, 24, '1807876592895435.jpg', 0, '2024-08-20 03:44:33', '2024-08-20 03:44:33'),
(140, 24, '1807876592968748.jpg', 0, '2024-08-20 03:44:34', '2024-08-20 03:44:34'),
(141, 24, '1807876593087489.jpg', 0, '2024-08-20 03:44:34', '2024-08-20 03:44:34'),
(142, 25, '1807876901483262.jpg', 0, '2024-08-20 03:49:28', '2024-08-20 03:49:28'),
(143, 25, '1807876901518251.jpg', 0, '2024-08-20 03:49:28', '2024-08-20 03:49:28'),
(144, 25, '1807876901549518.jpg', 0, '2024-08-20 03:49:28', '2024-08-20 03:49:28'),
(145, 25, '1807876901583413.jpg', 0, '2024-08-20 03:49:28', '2024-08-20 03:49:28'),
(146, 25, '1807876901626682.jpg', 0, '2024-08-20 03:49:28', '2024-08-20 03:49:28'),
(147, 26, '1807877370809285.jpg', 0, '2024-08-20 03:56:55', '2024-08-20 03:56:55'),
(148, 26, '1807877370868978.jpg', 0, '2024-08-20 03:56:55', '2024-08-20 03:56:55'),
(149, 26, '1807877370936519.jpg', 0, '2024-08-20 03:56:55', '2024-08-20 03:56:55'),
(150, 26, '1807877370998694.jpg', 0, '2024-08-20 03:56:56', '2024-08-20 03:56:56'),
(151, 26, '1807877371100704.jpg', 0, '2024-08-20 03:56:56', '2024-08-20 03:56:56'),
(152, 27, '1807878303373903.webp', 0, '2024-08-20 04:11:45', '2024-08-20 04:11:45'),
(153, 27, '1807878303509303.webp', 0, '2024-08-20 04:11:45', '2024-08-20 04:11:45'),
(154, 27, '1807878303679295.webp', 0, '2024-08-20 04:11:45', '2024-08-20 04:11:45'),
(155, 27, '1807878303843815.webp', 0, '2024-08-20 04:11:45', '2024-08-20 04:11:45'),
(156, 27, '1807878303970130.webp', 0, '2024-08-20 04:11:45', '2024-08-20 04:11:45'),
(157, 27, '1807878304100636.webp', 0, '2024-08-20 04:11:45', '2024-08-20 04:11:45'),
(158, 27, '1807878304226414.webp', 0, '2024-08-20 04:11:46', '2024-08-20 04:11:46'),
(159, 27, '1807878304424340.webp', 0, '2024-08-20 04:11:46', '2024-08-20 04:11:46'),
(160, 28, '1807879691580989.webp', 0, '2024-08-20 04:33:49', '2024-08-20 04:33:49'),
(161, 28, '1807879691834688.webp', 0, '2024-08-20 04:33:49', '2024-08-20 04:33:49'),
(162, 28, '1807879692088670.webp', 0, '2024-08-20 04:33:49', '2024-08-20 04:33:49'),
(163, 28, '1807879692365646.webp', 0, '2024-08-20 04:33:50', '2024-08-20 04:33:50'),
(164, 29, '1807880342508642.webp', 0, '2024-08-20 04:44:09', '2024-08-20 04:44:09'),
(165, 29, '1807880342662072.webp', 0, '2024-08-20 04:44:10', '2024-08-20 04:44:10'),
(166, 29, '1807880343027880.webp', 0, '2024-08-20 04:44:10', '2024-08-20 04:44:10'),
(167, 29, '1807880343338085.webp', 0, '2024-08-20 04:44:10', '2024-08-20 04:44:10'),
(168, 29, '1807880343632781.webp', 0, '2024-08-20 04:44:11', '2024-08-20 04:44:11'),
(169, 29, '1807880343951784.webp', 0, '2024-08-20 04:44:11', '2024-08-20 04:44:11'),
(170, 30, '1807881930362913.webp', 0, '2024-08-20 05:09:24', '2024-08-20 05:09:24'),
(171, 30, '1807881930500543.webp', 0, '2024-08-20 05:09:24', '2024-08-20 05:09:24'),
(172, 30, '1807881930636572.webp', 0, '2024-08-20 05:09:24', '2024-08-20 05:09:24'),
(173, 30, '1807881930745372.webp', 0, '2024-08-20 05:09:24', '2024-08-20 05:09:24'),
(174, 31, '1807882468478449.webp', 0, '2024-08-20 05:17:57', '2024-08-20 05:17:57'),
(175, 31, '1807882468581333.webp', 0, '2024-08-20 05:17:57', '2024-08-20 05:17:57'),
(176, 31, '1807882468680834.jpg', 0, '2024-08-20 05:17:57', '2024-08-20 05:17:57'),
(177, 31, '1807882468745697.webp', 0, '2024-08-20 05:17:57', '2024-08-20 05:17:57'),
(178, 32, '1807885508591605.webp', 0, '2024-08-20 06:06:16', '2024-08-20 06:06:16'),
(179, 32, '1807885508728674.webp', 0, '2024-08-20 06:06:16', '2024-08-20 06:06:16'),
(180, 32, '1807885508883601.png', 0, '2024-08-20 06:06:17', '2024-08-20 06:06:17'),
(181, 32, '1807885509142313.webp', 0, '2024-08-20 06:06:17', '2024-08-20 06:06:17'),
(182, 32, '1807885509365542.webp', 0, '2024-08-20 06:06:17', '2024-08-20 06:06:17'),
(198, 40, '1807900646242579.jpg', 0, '2024-08-20 10:06:53', '2024-08-20 10:06:53'),
(199, 40, '1807900646353608.jpg', 0, '2024-08-20 10:06:53', '2024-08-20 10:06:53'),
(200, 40, '1807900646412120.jpg', 0, '2024-08-20 10:06:53', '2024-08-20 10:06:53'),
(201, 40, '1807900646470282.jpg', 0, '2024-08-20 10:06:53', '2024-08-20 10:06:53'),
(202, 41, '1807966629773436.jpg', 0, '2024-08-21 03:35:39', '2024-08-21 03:35:39'),
(203, 41, '1807966629829333.jpg', 0, '2024-08-21 03:35:39', '2024-08-21 03:35:39'),
(204, 41, '1807966629880893.jpg', 0, '2024-08-21 03:35:39', '2024-08-21 03:35:39'),
(205, 41, '1807966629933670.jpg', 0, '2024-08-21 03:35:39', '2024-08-21 03:35:39'),
(206, 42, '1807967712194784.jpg', 0, '2024-08-21 03:52:52', '2024-08-21 03:52:52'),
(207, 42, '1807967712254259.jpg', 0, '2024-08-21 03:52:52', '2024-08-21 03:52:52'),
(208, 42, '1807967712325550.jpg', 0, '2024-08-21 03:52:52', '2024-08-21 03:52:52'),
(209, 42, '1807967712402037.jpg', 0, '2024-08-21 03:52:52', '2024-08-21 03:52:52'),
(210, 43, '1807968268490564.jpg', 0, '2024-08-21 04:01:42', '2024-08-21 04:01:42'),
(211, 43, '1807968268523864.jpg', 0, '2024-08-21 04:01:42', '2024-08-21 04:01:42'),
(212, 43, '1807968268562030.jpg', 0, '2024-08-21 04:01:42', '2024-08-21 04:01:42'),
(213, 43, '1807968268591088.jpg', 0, '2024-08-21 04:01:42', '2024-08-21 04:01:42'),
(214, 44, '1807969087550965.jpg', 0, '2024-08-21 04:14:43', '2024-08-21 04:14:43'),
(215, 44, '1807969087605990.jpg', 0, '2024-08-21 04:14:43', '2024-08-21 04:14:43'),
(216, 44, '1807969087658165.jpg', 0, '2024-08-21 04:14:43', '2024-08-21 04:14:43'),
(217, 44, '1807969087711053.jpg', 0, '2024-08-21 04:14:43', '2024-08-21 04:14:43'),
(218, 45, '1807969787493755.jpg', 0, '2024-08-21 04:25:51', '2024-08-21 04:25:51'),
(219, 45, '1807969787574039.webp', 0, '2024-08-21 04:25:51', '2024-08-21 04:25:51'),
(220, 45, '1807969787582261.webp', 0, '2024-08-21 04:25:51', '2024-08-21 04:25:51'),
(221, 45, '1807969787824623.webp', 0, '2024-08-21 04:25:51', '2024-08-21 04:25:51'),
(222, 45, '1807969788038564.jpg', 0, '2024-08-21 04:25:51', '2024-08-21 04:25:51'),
(223, 46, '1807970012773749.jpg', 0, '2024-08-21 04:29:26', '2024-08-21 04:29:26'),
(224, 46, '1807970012813488.jpg', 0, '2024-08-21 04:29:26', '2024-08-21 04:29:26'),
(225, 46, '1807970012850723.jpg', 0, '2024-08-21 04:29:26', '2024-08-21 04:29:26'),
(226, 46, '1807970012880758.jpg', 0, '2024-08-21 04:29:26', '2024-08-21 04:29:26'),
(227, 47, '1807970503305510.jpg', 0, '2024-08-21 04:37:13', '2024-08-21 04:37:13'),
(228, 47, '1807970503338016.jpg', 0, '2024-08-21 04:37:13', '2024-08-21 04:37:13'),
(229, 47, '1807970503366568.jpg', 0, '2024-08-21 04:37:13', '2024-08-21 04:37:13'),
(230, 47, '1807970503396244.jpg', 0, '2024-08-21 04:37:13', '2024-08-21 04:37:13'),
(231, 48, '1807970763649625.jpg', 0, '2024-08-21 04:41:22', '2024-08-21 04:41:22'),
(232, 48, '1807970763698928.jpg', 0, '2024-08-21 04:41:22', '2024-08-21 04:41:22'),
(233, 48, '1807970763746936.jpg', 0, '2024-08-21 04:41:22', '2024-08-21 04:41:22'),
(234, 48, '1807970763796593.jpg', 0, '2024-08-21 04:41:22', '2024-08-21 04:41:22'),
(235, 48, '1807970763850399.jpg', 0, '2024-08-21 04:41:22', '2024-08-21 04:41:22'),
(236, 49, '1807970943484452.jpg', 0, '2024-08-21 04:44:13', '2024-08-21 04:44:13'),
(237, 49, '1807970943528212.jpg', 0, '2024-08-21 04:44:13', '2024-08-21 04:44:13'),
(238, 49, '1807970943575116.jpg', 0, '2024-08-21 04:44:13', '2024-08-21 04:44:13'),
(239, 49, '1807970943634509.jpg', 0, '2024-08-21 04:44:13', '2024-08-21 04:44:13'),
(240, 50, '1807971541507172.webp', 0, '2024-08-21 04:53:44', '2024-08-21 04:53:44'),
(241, 50, '1807971541901020.jpg', 0, '2024-08-21 04:53:44', '2024-08-21 04:53:44'),
(242, 50, '1807971541957825.jpg', 0, '2024-08-21 04:53:44', '2024-08-21 04:53:44'),
(243, 50, '1807971542149368.webp', 0, '2024-08-21 04:53:44', '2024-08-21 04:53:44'),
(244, 51, '1807972073972911.jpg', 0, '2024-08-21 05:02:11', '2024-08-21 05:02:11'),
(245, 51, '1807972074025673.jpg', 0, '2024-08-21 05:02:11', '2024-08-21 05:02:11'),
(246, 51, '1807972074092495.jpg', 0, '2024-08-21 05:02:11', '2024-08-21 05:02:11'),
(247, 51, '1807972074145301.jpg', 0, '2024-08-21 05:02:11', '2024-08-21 05:02:11'),
(248, 51, '1807972074201080.jpg', 0, '2024-08-21 05:02:11', '2024-08-21 05:02:11'),
(249, 52, '1807972987649087.jpg', 0, '2024-08-21 05:16:43', '2024-08-21 05:16:43'),
(250, 52, '1807972987696262.jpg', 0, '2024-08-21 05:16:43', '2024-08-21 05:16:43'),
(251, 52, '1807972987735449.jpg', 0, '2024-08-21 05:16:43', '2024-08-21 05:16:43'),
(252, 52, '1807972987869923.jpg', 0, '2024-08-21 05:16:43', '2024-08-21 05:16:43'),
(253, 52, '1807972987997648.jpg', 0, '2024-08-21 05:16:43', '2024-08-21 05:16:43'),
(258, 53, '1807975387908668.jpg', 0, '2024-08-21 05:54:52', '2024-08-21 05:54:52'),
(259, 53, '1807975387916403.jpg', 0, '2024-08-21 05:54:52', '2024-08-21 05:54:52'),
(260, 53, '1807975387920259.jpg', 0, '2024-08-21 05:54:52', '2024-08-21 05:54:52'),
(261, 53, '1807975387924593.jpg', 0, '2024-08-21 05:54:52', '2024-08-21 05:54:52'),
(262, 53, '1807975387929199.jpg', 0, '2024-08-21 05:54:52', '2024-08-21 05:54:52'),
(263, 54, '1807976317875660.jpg', 0, '2024-08-21 06:09:39', '2024-08-21 06:09:39'),
(264, 54, '1807976317985117.jpg', 0, '2024-08-21 06:09:39', '2024-08-21 06:09:39'),
(265, 54, '1807976318094984.jpg', 0, '2024-08-21 06:09:39', '2024-08-21 06:09:39'),
(266, 54, '1807976318205144.jpg', 0, '2024-08-21 06:09:39', '2024-08-21 06:09:39'),
(267, 54, '1807976318319624.jpg', 0, '2024-08-21 06:09:39', '2024-08-21 06:09:39'),
(268, 55, '1807977029709698.webp', 0, '2024-08-21 06:20:58', '2024-08-21 06:20:58'),
(269, 55, '1807977029900639.webp', 0, '2024-08-21 06:20:58', '2024-08-21 06:20:58'),
(270, 55, '1807977030051096.webp', 0, '2024-08-21 06:20:58', '2024-08-21 06:20:58'),
(271, 55, '1807977030168158.webp', 0, '2024-08-21 06:20:58', '2024-08-21 06:20:58'),
(272, 55, '1807977030286940.webp', 0, '2024-08-21 06:20:58', '2024-08-21 06:20:58'),
(273, 55, '1807977030469746.webp', 0, '2024-08-21 06:20:58', '2024-08-21 06:20:58'),
(274, 56, '1807977429416942.jpg', 0, '2024-08-21 06:27:19', '2024-08-21 06:27:19'),
(275, 56, '1807977429481853.jpg', 0, '2024-08-21 06:27:19', '2024-08-21 06:27:19'),
(276, 56, '1807977429569572.jpg', 0, '2024-08-21 06:27:19', '2024-08-21 06:27:19'),
(277, 56, '1807977429631811.jpg', 0, '2024-08-21 06:27:19', '2024-08-21 06:27:19'),
(278, 56, '1807977429707135.jpg', 0, '2024-08-21 06:27:19', '2024-08-21 06:27:19'),
(279, 57, '1807992357105510.jpg', 0, '2024-08-21 10:24:35', '2024-08-21 10:24:35'),
(280, 57, '1807992357149264.jpg', 0, '2024-08-21 10:24:35', '2024-08-21 10:24:35'),
(281, 57, '1807992357233110.jpg', 0, '2024-08-21 10:24:35', '2024-08-21 10:24:35'),
(282, 57, '1807992357315645.jpg', 0, '2024-08-21 10:24:35', '2024-08-21 10:24:35'),
(288, 59, '1807995607576035.webp', 0, '2024-08-21 11:16:15', '2024-08-21 11:41:44'),
(291, 59, '1807995607981521.jpeg', 3, '2024-08-21 11:16:15', '2024-08-21 11:41:45'),
(292, 60, '1807997312169007.webp', 0, '2024-08-21 11:43:21', '2024-08-21 11:43:21'),
(293, 60, '1807997312569375.webp', 0, '2024-08-21 11:43:21', '2024-08-21 11:43:21'),
(294, 60, '1807997312985092.webp', 0, '2024-08-21 11:43:21', '2024-08-21 11:43:21'),
(295, 60, '1807997313293155.jpg', 0, '2024-08-21 11:43:22', '2024-08-21 11:43:22'),
(296, 61, '1808057851074494.jpg', 0, '2024-08-22 03:45:35', '2024-08-22 03:45:35'),
(297, 61, '1808057851165049.jpg', 1, '2024-08-22 03:45:35', '2024-08-22 03:45:35'),
(298, 61, '1808057851233479.jpg', 2, '2024-08-22 03:45:35', '2024-08-22 03:45:35'),
(299, 61, '1808057851317541.jpg', 3, '2024-08-22 03:45:35', '2024-08-22 03:45:35'),
(304, 63, '1808058875936009.jpg', 0, '2024-08-22 04:01:52', '2024-08-22 04:01:52'),
(305, 63, '1808058876005842.jpg', 1, '2024-08-22 04:01:52', '2024-08-22 04:01:52'),
(306, 63, '1808058876080140.jpg', 2, '2024-08-22 04:01:52', '2024-08-22 04:01:52'),
(307, 63, '1808058876152658.jpg', 3, '2024-08-22 04:01:52', '2024-08-22 04:01:52'),
(308, 63, '1808058876223406.jpg', 4, '2024-08-22 04:01:52', '2024-08-22 04:01:52'),
(309, 64, '1808059355214055.webp', 0, '2024-08-22 04:09:29', '2024-08-22 04:09:29'),
(310, 64, '1808059355499682.webp', 1, '2024-08-22 04:09:30', '2024-08-22 04:09:30'),
(311, 64, '1808059355836070.webp', 2, '2024-08-22 04:09:30', '2024-08-22 04:09:30'),
(312, 64, '1808059356121471.webp', 3, '2024-08-22 04:09:30', '2024-08-22 04:09:30'),
(313, 64, '1808059356379934.webp', 4, '2024-08-22 04:09:31', '2024-08-22 04:09:31'),
(314, 65, '1808059855804918.jpg', 0, '2024-08-22 04:17:27', '2024-08-22 04:17:27'),
(315, 65, '1808059855850295.jpg', 1, '2024-08-22 04:17:27', '2024-08-22 04:17:27'),
(316, 65, '1808059855879536.jpg', 2, '2024-08-22 04:17:27', '2024-08-22 04:17:27'),
(317, 65, '1808059855911373.jpg', 3, '2024-08-22 04:17:27', '2024-08-22 04:17:27'),
(318, 65, '1808059855951718.jpg', 4, '2024-08-22 04:17:27', '2024-08-22 04:17:27');

-- --------------------------------------------------------

--
-- Table structure for table `orders`
--

CREATE TABLE `orders` (
  `id` bigint UNSIGNED NOT NULL,
  `user_id` bigint UNSIGNED NOT NULL,
  `division_id` bigint UNSIGNED DEFAULT NULL,
  `district_id` bigint UNSIGNED DEFAULT NULL,
  `state_id` bigint UNSIGNED DEFAULT NULL,
  `name` varchar(255) COLLATE utf8mb4_unicode_ci NOT NULL,
  `email` varchar(255) COLLATE utf8mb4_unicode_ci NOT NULL,
  `phone` varchar(255) COLLATE utf8mb4_unicode_ci NOT NULL,
  `adress` varchar(255) COLLATE utf8mb4_unicode_ci DEFAULT NULL,
  `post_code` varchar(255) COLLATE utf8mb4_unicode_ci DEFAULT NULL,
  `notes` text COLLATE utf8mb4_unicode_ci,
  `payment_type` varchar(255) COLLATE utf8mb4_unicode_ci DEFAULT NULL,
  `payment_method` varchar(255) COLLATE utf8mb4_unicode_ci DEFAULT NULL,
  `transaction_id` varchar(255) COLLATE utf8mb4_unicode_ci DEFAULT NULL,
  `currency` varchar(255) COLLATE utf8mb4_unicode_ci NOT NULL,
  `amount` double(8,2) NOT NULL,
  `order_number` varchar(255) COLLATE utf8mb4_unicode_ci DEFAULT NULL,
  `invoice_no` varchar(255) COLLATE utf8mb4_unicode_ci NOT NULL,
  `order_date` varchar(255) COLLATE utf8mb4_unicode_ci NOT NULL,
  `order_month` varchar(255) COLLATE utf8mb4_unicode_ci NOT NULL,
  `order_year` varchar(255) COLLATE utf8mb4_unicode_ci NOT NULL,
  `confirmed_date` varchar(255) COLLATE utf8mb4_unicode_ci DEFAULT NULL,
  `processing_date` varchar(255) COLLATE utf8mb4_unicode_ci DEFAULT NULL,
  `picked_date` varchar(255) COLLATE utf8mb4_unicode_ci DEFAULT NULL,
  `shipped_date` varchar(255) COLLATE utf8mb4_unicode_ci DEFAULT NULL,
  `delivered_date` varchar(255) COLLATE utf8mb4_unicode_ci DEFAULT NULL,
  `cancel_date` varchar(255) COLLATE utf8mb4_unicode_ci DEFAULT NULL,
  `return_date` varchar(255) COLLATE utf8mb4_unicode_ci DEFAULT NULL,
  `return_order` varchar(255) COLLATE utf8mb4_unicode_ci DEFAULT NULL,
  `return_reason` varchar(255) COLLATE utf8mb4_unicode_ci DEFAULT NULL,
  `return_pcolor` varchar(255) COLLATE utf8mb4_unicode_ci DEFAULT NULL,
  `status` varchar(255) COLLATE utf8mb4_unicode_ci NOT NULL,
  `created_at` timestamp NULL DEFAULT NULL,
  `updated_at` timestamp NULL DEFAULT NULL
) ENGINE=InnoDB DEFAULT CHARSET=utf8mb4 COLLATE=utf8mb4_unicode_ci;

-- --------------------------------------------------------

--
-- Table structure for table `order_items`
--

CREATE TABLE `order_items` (
  `id` bigint UNSIGNED NOT NULL,
  `order_id` bigint UNSIGNED NOT NULL,
  `product_id` bigint UNSIGNED NOT NULL,
  `color` varchar(255) COLLATE utf8mb4_unicode_ci DEFAULT NULL,
  `size` varchar(255) COLLATE utf8mb4_unicode_ci DEFAULT NULL,
  `qty` varchar(255) COLLATE utf8mb4_unicode_ci NOT NULL,
  `return_qty` int DEFAULT NULL,
  `price` double(8,2) NOT NULL,
  `created_at` timestamp NULL DEFAULT NULL,
  `updated_at` timestamp NULL DEFAULT NULL
) ENGINE=InnoDB DEFAULT CHARSET=utf8mb4 COLLATE=utf8mb4_unicode_ci;

-- --------------------------------------------------------

--
-- Table structure for table `password_reset_tokens`
--

CREATE TABLE `password_reset_tokens` (
  `email` varchar(255) COLLATE utf8mb4_unicode_ci NOT NULL,
  `token` varchar(255) COLLATE utf8mb4_unicode_ci NOT NULL,
  `created_at` timestamp NULL DEFAULT NULL
) ENGINE=InnoDB DEFAULT CHARSET=utf8mb4 COLLATE=utf8mb4_unicode_ci;

-- --------------------------------------------------------

--
-- Table structure for table `permissions`
--

CREATE TABLE `permissions` (
  `id` bigint UNSIGNED NOT NULL,
  `name` varchar(255) COLLATE utf8mb4_unicode_ci NOT NULL,
  `guard_name` varchar(255) COLLATE utf8mb4_unicode_ci NOT NULL,
  `group_name` varchar(255) COLLATE utf8mb4_unicode_ci NOT NULL,
  `created_at` timestamp NULL DEFAULT NULL,
  `updated_at` timestamp NULL DEFAULT NULL
) ENGINE=InnoDB DEFAULT CHARSET=utf8mb4 COLLATE=utf8mb4_unicode_ci;

-- --------------------------------------------------------

--
-- Table structure for table `personal_access_tokens`
--

CREATE TABLE `personal_access_tokens` (
  `id` bigint UNSIGNED NOT NULL,
  `tokenable_type` varchar(255) COLLATE utf8mb4_unicode_ci NOT NULL,
  `tokenable_id` bigint UNSIGNED NOT NULL,
  `name` varchar(255) COLLATE utf8mb4_unicode_ci NOT NULL,
  `token` varchar(64) COLLATE utf8mb4_unicode_ci NOT NULL,
  `abilities` text COLLATE utf8mb4_unicode_ci,
  `last_used_at` timestamp NULL DEFAULT NULL,
  `expires_at` timestamp NULL DEFAULT NULL,
  `created_at` timestamp NULL DEFAULT NULL,
  `updated_at` timestamp NULL DEFAULT NULL
) ENGINE=InnoDB DEFAULT CHARSET=utf8mb4 COLLATE=utf8mb4_unicode_ci;

-- --------------------------------------------------------

--
-- Table structure for table `prices`
--

CREATE TABLE `prices` (
  `id` bigint UNSIGNED NOT NULL,
  `product_id` bigint UNSIGNED NOT NULL,
  `purchase_price` varchar(255) COLLATE utf8mb4_unicode_ci DEFAULT NULL,
  `selling_price` varchar(255) COLLATE utf8mb4_unicode_ci DEFAULT NULL,
  `discount_price` varchar(255) COLLATE utf8mb4_unicode_ci DEFAULT NULL,
  `created_at` timestamp NULL DEFAULT NULL,
  `updated_at` timestamp NULL DEFAULT NULL
) ENGINE=InnoDB DEFAULT CHARSET=utf8mb4 COLLATE=utf8mb4_unicode_ci;

--
-- Dumping data for table `prices`
--

INSERT INTO `prices` (`id`, `product_id`, `purchase_price`, `selling_price`, `discount_price`, `created_at`, `updated_at`) VALUES
(1, 1, NULL, '195000', '0', '2024-08-18 05:02:18', '2024-08-18 05:20:34'),
(2, 2, NULL, '72000', '0', '2024-08-19 04:17:38', '2024-08-19 04:19:52'),
(3, 3, NULL, '145000', '0', '2024-08-19 04:34:58', '2024-08-19 07:32:32'),
(4, 4, NULL, '30000', '0', '2024-08-19 04:47:09', '2024-08-19 04:47:09'),
(5, 5, NULL, '295000', '0', '2024-08-19 05:29:03', '2024-08-19 07:34:36'),
(6, 6, NULL, '155000', '0', '2024-08-19 05:51:07', '2024-08-19 05:52:13'),
(8, 8, NULL, '155000', '0', '2024-08-19 06:42:43', '2024-08-19 09:19:09'),
(9, 9, NULL, '270000', '0', '2024-08-19 06:49:58', '2024-08-19 09:17:32'),
(11, 11, NULL, '72000', '0', '2024-08-19 07:24:25', '2024-08-19 07:31:48'),
(12, 12, NULL, '73000', '0', '2024-08-19 07:31:11', '2024-08-19 10:54:52'),
(13, 13, NULL, '69000', '0', '2024-08-19 07:55:42', '2024-08-19 08:14:35'),
(14, 14, NULL, '59000', '0', '2024-08-19 08:08:10', '2024-08-19 08:08:10'),
(15, 15, NULL, '369000', '0', '2024-08-19 08:34:13', '2024-08-19 08:36:56'),
(16, 16, NULL, '139000', '0', '2024-08-19 08:48:47', '2024-08-19 08:48:47'),
(17, 17, NULL, '140000', '0', '2024-08-19 09:08:49', '2024-08-19 09:08:49'),
(19, 19, NULL, '670000', '0', '2024-08-19 09:40:40', '2024-08-19 09:41:09'),
(20, 20, NULL, '350000', '0', '2024-08-19 09:49:44', '2024-08-19 09:49:44'),
(21, 21, NULL, '329000', '0', '2024-08-19 10:00:42', '2024-08-19 10:00:42'),
(22, 22, NULL, '345000', '0', '2024-08-19 10:14:14', '2024-08-19 10:14:14'),
(23, 23, NULL, '255000', '0', '2024-08-19 10:22:24', '2024-08-19 10:22:24'),
(24, 24, NULL, '139000', '0', '2024-08-20 03:44:33', '2024-08-20 03:44:33'),
(25, 25, NULL, '89000', '0', '2024-08-20 03:49:28', '2024-08-20 03:49:28'),
(26, 26, NULL, '79000', '0', '2024-08-20 03:56:55', '2024-08-20 03:56:55'),
(27, 27, NULL, '239000', '0', '2024-08-20 04:11:45', '2024-08-20 04:11:45'),
(28, 28, NULL, '235500', '0', '2024-08-20 04:33:49', '2024-08-20 04:33:49'),
(29, 29, NULL, '127500', '0', '2024-08-20 04:44:09', '2024-08-20 04:44:09'),
(30, 30, NULL, '659000', '0', '2024-08-20 05:09:24', '2024-08-20 05:09:24'),
(31, 31, NULL, '439000', '0', '2024-08-20 05:17:57', '2024-08-20 05:17:57'),
(32, 32, NULL, '360000', '0', '2024-08-20 06:06:16', '2024-08-20 06:06:16'),
(36, 40, NULL, '360000', '0', '2024-08-20 10:06:52', '2024-08-20 10:06:52'),
(37, 41, NULL, '360000', '0', '2024-08-21 03:35:39', '2024-08-21 03:47:25'),
(38, 42, NULL, '200000', '0', '2024-08-21 03:52:52', '2024-08-21 03:52:52'),
(39, 43, NULL, '580000', '0', '2024-08-21 04:01:42', '2024-08-21 04:02:19'),
(40, 44, NULL, '220000', '0', '2024-08-21 04:14:43', '2024-08-21 04:14:43'),
(41, 45, NULL, '420000', '0', '2024-08-21 04:25:51', '2024-08-21 05:07:30'),
(42, 46, NULL, '85000', '0', '2024-08-21 04:29:26', '2024-08-21 04:29:26'),
(43, 47, NULL, '39000', '0', '2024-08-21 04:37:13', '2024-08-21 04:37:13'),
(44, 48, NULL, '70000', '0', '2024-08-21 04:41:22', '2024-08-21 04:41:22'),
(45, 49, NULL, '70000', '0', '2024-08-21 04:44:13', '2024-08-21 04:44:13'),
(46, 50, NULL, '650000', '0', '2024-08-21 04:53:43', '2024-08-21 04:53:43'),
(47, 51, NULL, '380000', '0', '2024-08-21 05:02:11', '2024-08-21 05:02:11'),
(48, 52, NULL, '1220000', '0', '2024-08-21 05:16:43', '2024-08-21 05:16:43'),
(49, 53, NULL, '580000', '0', '2024-08-21 05:51:46', '2024-08-21 05:54:56'),
(50, 54, NULL, '220000', '0', '2024-08-21 06:09:39', '2024-08-21 06:11:20'),
(51, 55, NULL, '455000', '0', '2024-08-21 06:20:57', '2024-08-21 06:20:57'),
(52, 56, NULL, '155000', '0', '2024-08-21 06:27:19', '2024-08-21 06:27:19'),
(53, 57, NULL, '55000', '0', '2024-08-21 10:24:35', '2024-08-21 10:24:35'),
(55, 59, NULL, '70000', '0', '2024-08-21 11:16:15', '2024-08-21 11:34:52'),
(56, 60, NULL, '32000', '0', '2024-08-21 11:38:54', '2024-08-21 11:43:04'),
(57, 61, NULL, '670000', '0', '2024-08-22 03:45:35', '2024-08-22 03:45:35'),
(59, 63, NULL, '285000', '0', '2024-08-22 04:01:52', '2024-08-22 04:01:52'),
(60, 64, NULL, '920000', '0', '2024-08-22 04:09:29', '2024-08-22 04:09:29'),
(61, 65, NULL, '2000000', '0', '2024-08-22 04:17:27', '2024-08-22 04:17:27');

-- --------------------------------------------------------

--
-- Table structure for table `products`
--

CREATE TABLE `products` (
  `id` bigint UNSIGNED NOT NULL,
  `product_code` varchar(255) COLLATE utf8mb4_unicode_ci DEFAULT NULL,
  `product_name` varchar(255) COLLATE utf8mb4_unicode_ci NOT NULL,
  `product_slug` varchar(255) COLLATE utf8mb4_unicode_ci NOT NULL,
  `product_photo` varchar(255) COLLATE utf8mb4_unicode_ci DEFAULT NULL,
  `status` enum('active','inactive') COLLATE utf8mb4_unicode_ci NOT NULL,
  `user_id` bigint UNSIGNED NOT NULL,
  `product_type_id` bigint UNSIGNED NOT NULL,
  `created_at` timestamp NULL DEFAULT NULL,
  `updated_at` timestamp NULL DEFAULT NULL
) ENGINE=InnoDB DEFAULT CHARSET=utf8mb4 COLLATE=utf8mb4_unicode_ci;

--
-- Dumping data for table `products`
--

INSERT INTO `products` (`id`, `product_code`, `product_name`, `product_slug`, `product_photo`, `status`, `user_id`, `product_type_id`, `created_at`, `updated_at`) VALUES
(1, NULL, 'Digitek (DWM 101) Wireless Microphone', 'digitek-(dwm-101)-wireless-microphone', '1807700290189239.webp', 'active', 3, 1, '2024-08-18 05:02:18', '2024-08-18 05:33:19'),
(2, NULL, 'Digitek (DTR-525 SS) Portable Tripod Selfie Stick', 'digitek-(dtr-525-ss)-portable-tripod-selfie-stick', '1807788216998040.webp', 'active', 3, 1, '2024-08-19 04:17:38', '2024-08-19 04:19:55'),
(3, NULL, 'Digitek (DPTR 895VD) Professional Tripod CUM Monopod', 'digitek-(dptr-895vd)-professional-tripod-cum-monopod', '1807789167833980.webp', 'active', 3, 1, '2024-08-19 04:34:58', '2024-08-19 07:32:36'),
(4, NULL, 'Digitek (DTR 455 LT)', 'digitek-(dtr-455-lt)', '1807789933587189.webp', 'active', 3, 1, '2024-08-19 04:47:09', '2024-08-19 04:47:11'),
(5, NULL, 'Digitek (DWM-102)', 'digitek-(dwm-102)', '1807793329936190.webp', 'active', 3, 1, '2024-08-19 05:29:03', '2024-08-19 07:34:40'),
(6, NULL, 'Digitek (DWM-103)', 'digitek-(dwm-103)', '1807793958448938.jpg', 'active', 3, 1, '2024-08-19 05:51:07', '2024-08-19 05:52:19'),
(8, NULL, 'Digitek (DWM-105)', 'digitek-(dwm-105)', '1807797204816361.jpg', 'active', 3, 1, '2024-08-19 06:42:43', '2024-08-19 09:43:15'),
(9, NULL, 'Digitek (DWM-106)', 'digitek-(dwm-106)', '1807797660646741.jpg', 'active', 3, 1, '2024-08-19 06:49:58', '2024-08-19 09:18:45'),
(11, NULL, 'Barmaso  BMSBUDS-02(TWS Earphone)', 'barmaso--bmsbuds-02(tws-earphone)', '1807799828351961.webp', 'active', 3, 1, '2024-08-19 07:24:25', '2024-08-19 07:31:52'),
(12, NULL, 'Barmaso  BMSBUDS-07(TWS Earphone)', 'barmaso--bmsbuds-07(tws-earphone)', '1807800254235685.webp', 'active', 3, 1, '2024-08-19 07:31:11', '2024-08-19 11:00:24'),
(13, NULL, 'Picun W11 TWS Gaming Earbuds', 'picun-w11-tws-gaming-earbuds', '1807801796380543.jpg', 'active', 3, 1, '2024-08-19 07:55:42', '2024-08-19 08:14:43'),
(14, NULL, 'Picun W16B Bluetooth EarBud', 'picun-w16b-bluetooth-earbud', '1807802580267671.jpg', 'active', 3, 1, '2024-08-19 08:08:10', '2024-08-19 08:08:12'),
(15, NULL, 'Skullcandy  RAIL ANC  Wireless Earbuds', 'skullcandy--rail-anc--wireless-earbuds', '1807804390370926.jpg', 'active', 3, 1, '2024-08-19 08:34:13', '2024-08-19 08:37:00'),
(16, NULL, 'Skullcandy Smokin\' Buds', 'skullcandy-smokin\'-buds', '1807805136393121.jpg', 'active', 3, 1, '2024-08-19 08:48:47', '2024-08-19 08:48:51'),
(17, NULL, 'DIGITEK 590 VD PRO Tripod', 'digitek-590-vd-pro-tripod', '1807806396401384.webp', 'active', 3, 1, '2024-08-19 09:08:49', '2024-08-19 09:08:57'),
(19, NULL, 'Digitek DCL-100WBC DC Combo', 'digitek-dcl-100wbc-dc-combo', '1807808400237400.jpg', 'active', 3, 1, '2024-08-19 09:40:40', '2024-08-19 09:41:12'),
(20, NULL, 'Digitek (DCL-150 WBC)', 'digitek-(dcl-150-wbc)', '1807808970775255.jpg', 'active', 3, 1, '2024-08-19 09:49:44', '2024-08-19 09:50:00'),
(21, NULL, 'Digitek (DPTR 605 VD)', 'digitek-(dptr-605-vd)', '1807809661056001.webp', 'active', 3, 1, '2024-08-19 10:00:42', '2024-08-19 10:00:53'),
(22, NULL, 'Digitek (DTR 520 BH)', 'digitek-(dtr-520-bh)', '1807810512087086.webp', 'active', 3, 1, '2024-08-19 10:14:14', '2024-08-19 10:14:20'),
(23, NULL, 'Digitek (DTR-500BH)', 'digitek-(dtr-500bh)', '1807811025888494.webp', 'active', 3, 1, '2024-08-19 10:22:24', '2024-08-19 10:22:29'),
(24, NULL, 'Digitek (DM 301)', 'digitek-(dm-301)', '1807876592678699.jpg', 'active', 3, 1, '2024-08-20 03:44:33', '2024-08-20 03:44:44'),
(25, NULL, 'Digitek (DM 302)', 'digitek-(dm-302)', '1807876901432639.jpg', 'active', 3, 1, '2024-08-20 03:49:28', '2024-08-20 03:49:32'),
(26, NULL, 'Digitek (DM-201) Unidirectional Interview Microphone', 'digitek-(dm-201)-unidirectional-interview-microphone', '1807877370729970.jpg', 'active', 3, 1, '2024-08-20 03:56:55', '2024-08-20 03:56:58'),
(27, NULL, 'MAONO AU-A04E', 'maono-au-a04e', '1807878303166895.webp', 'active', 3, 1, '2024-08-20 04:11:45', '2024-08-20 04:11:49'),
(28, NULL, 'AUKEY EP-M1NC Move Mini S True Wireless Eearbuds', 'aukey-ep-m1nc-move-mini-s-true-wireless-eearbuds', '1807879691258280.webp', 'active', 3, 1, '2024-08-20 04:33:48', '2024-08-20 04:34:45'),
(29, NULL, 'AUKEY EP-M2 Move Air True Wireless Eearbuds', 'aukey-ep-m2-move-air-true-wireless-eearbuds', '1807880342120330.webp', 'active', 3, 1, '2024-08-20 04:44:09', '2024-08-20 04:44:41'),
(30, NULL, 'Barmaso  Bluetooth Speaker BMSBOX-10', 'barmaso--bluetooth-speaker-bmsbox-10', '1807881930160276.webp', 'active', 3, 1, '2024-08-20 05:09:24', '2024-08-20 05:09:29'),
(31, NULL, 'Barmaso Bluetooth Speaker BMSBOX-11', 'barmaso-bluetooth-speaker-bmsbox-11', '1807882468368815.webp', 'active', 3, 1, '2024-08-20 05:17:57', '2024-08-20 05:18:01'),
(32, NULL, 'boya link', 'boya-link', '1807885508387291.webp', 'active', 3, 1, '2024-08-20 06:06:16', '2024-08-20 06:06:37'),
(40, NULL, 'Maono AU-AM200', 'maono-au-am200', '1807900646179006.jpg', 'active', 3, 1, '2024-08-20 10:06:52', '2024-08-21 03:45:46'),
(41, NULL, 'Boya PM700', 'boya-pm700', '1807967370070505.jpg', 'active', 3, 1, '2024-08-21 03:35:39', '2024-08-21 03:47:33'),
(42, NULL, 'Boya By-CM6A', 'boya-by-cm6a', '1807967712051612.jpg', 'active', 3, 1, '2024-08-21 03:52:51', '2024-08-21 03:52:55'),
(43, NULL, 'Boya Blobby Pro', 'boya-blobby-pro', '1807968268455311.jpg', 'active', 3, 1, '2024-08-21 04:01:42', '2024-08-21 04:02:23'),
(44, NULL, 'Boya Blobby', 'boya-blobby', '1807969087489071.jpg', 'active', 3, 1, '2024-08-21 04:14:43', '2024-08-21 04:14:47'),
(45, NULL, 'Maono AME2', 'maono-ame2', '1807969787390232.webp', 'active', 3, 1, '2024-08-21 04:25:51', '2024-08-21 05:07:38'),
(46, NULL, 'Boya MM1+', 'boya-mm1+', '1807970012671417.jpg', 'active', 3, 1, '2024-08-21 04:29:25', '2024-08-21 04:29:29'),
(47, NULL, 'Boya M1S', 'boya-m1s', '1807970503102545.webp', 'active', 3, 1, '2024-08-21 04:37:13', '2024-08-21 04:37:16'),
(48, NULL, 'Boya M2', 'boya-m2', '1807970763450331.webp', 'active', 3, 1, '2024-08-21 04:41:22', '2024-08-21 04:41:23'),
(49, NULL, 'Boya M3', 'boya-m3', '1807970943421271.jpg', 'active', 3, 1, '2024-08-21 04:44:13', '2024-08-21 04:44:16'),
(50, NULL, 'Boya By W-4', 'boya-by-w-4', '1807971541310663.webp', 'active', 3, 1, '2024-08-21 04:53:43', '2024-08-21 04:53:49'),
(51, NULL, 'Boya XM6 S-2', 'boya-xm6-s-2', '1807972073784322.webp', 'active', 3, 1, '2024-08-21 05:02:11', '2024-08-21 05:02:14'),
(52, NULL, 'Nanlite Forza 150B LED Bi-Color Spot Light', 'nanlite-forza-150b-led-bi-color-spot-light', '1807972987576777.jpg', 'active', 3, 1, '2024-08-21 05:16:43', '2024-08-21 05:16:46'),
(53, NULL, 'BOYAMIC', 'boyamic', '1807975392692944.jpg', 'active', 3, 1, '2024-08-21 05:51:46', '2024-08-21 05:55:00'),
(54, NULL, 'Boya BY-BM6060', 'boya-by-bm6060', '1807976317744681.jpg', 'active', 3, 1, '2024-08-21 06:09:39', '2024-08-21 06:11:23'),
(55, NULL, 'MAONO PM500', 'maono-pm500', '1807977029552317.webp', 'active', 3, 1, '2024-08-21 06:20:57', '2024-08-21 06:21:03'),
(56, NULL, 'MAONO Au-Pm360TR', 'maono-au-pm360tr', '1807977429227664.webp', 'active', 3, 1, '2024-08-21 06:27:19', '2024-08-21 06:27:21'),
(57, NULL, 'PULUZ 10W Soundbar Wired Wireless Bluetooth Surround Speaker(Black)', 'puluz-10w-soundbar-wired-wireless-bluetooth-surround-speaker(black)', '1807992357047211.jpg', 'active', 3, 1, '2024-08-21 10:24:35', '2024-08-21 10:24:38'),
(59, NULL, 'Digitek NP-F980 Type C 12000 mAh Platinum Battery', 'digitek-np-f980-type-c-12000-mah-platinum-battery', '1807995607380223.jpeg', 'active', 3, 1, '2024-08-21 11:16:15', '2024-08-21 11:39:04'),
(60, NULL, 'Digitek (LP-E6)1800mah', 'digitek-(lp-e6)1800mah', '1807997032503009.webp', 'active', 3, 1, '2024-08-21 11:38:54', '2024-08-21 11:43:29'),
(61, NULL, 'Digitek DS 230 Bowens Mount Optical Snoot for Studio Light Flash', 'digitek-ds-230-bowens-mount-optical-snoot-for-studio-light-flash', '1808057850970964.jpg', 'active', 3, 1, '2024-08-22 03:45:35', '2024-08-22 03:55:50'),
(63, NULL, 'Digitek (DCL-60 WBC)', 'digitek-(dcl-60-wbc)', '1808058875852486.jpg', 'active', 3, 1, '2024-08-22 04:01:52', '2024-08-22 04:01:56'),
(64, NULL, 'HD60 X', 'hd60-x', '1808059354970781.webp', 'active', 3, 1, '2024-08-22 04:09:29', '2024-08-22 04:09:34'),
(65, NULL, 'Blackmagic Design ATEM Mini Pro', 'blackmagic-design-atem-mini-pro', '1808059855718229.jpg', 'active', 3, 1, '2024-08-22 04:17:26', '2024-08-22 04:17:30');

-- --------------------------------------------------------

--
-- Table structure for table `product_brand_belongs`
--

CREATE TABLE `product_brand_belongs` (
  `product_id` bigint UNSIGNED NOT NULL,
  `brand_id` bigint UNSIGNED NOT NULL
) ENGINE=InnoDB DEFAULT CHARSET=utf8mb4 COLLATE=utf8mb4_unicode_ci;

--
-- Dumping data for table `product_brand_belongs`
--

INSERT INTO `product_brand_belongs` (`product_id`, `brand_id`) VALUES
(1, 4),
(2, 4),
(3, 4),
(4, 4),
(5, 4),
(6, 4),
(8, 4),
(9, 4),
(11, 20),
(12, 20),
(13, 27),
(14, 27),
(15, 25),
(16, 25),
(17, 4),
(19, 4),
(20, 4),
(21, 4),
(22, 4),
(23, 4),
(24, 4),
(25, 4),
(26, 4),
(27, 8),
(28, 26),
(29, 26),
(30, 20),
(31, 20),
(32, 11),
(40, 8),
(41, 11),
(42, 11),
(43, 11),
(44, 11),
(45, 8),
(46, 11),
(47, 11),
(48, 11),
(49, 11),
(50, 11),
(51, 11),
(52, 33),
(53, 11),
(54, 11),
(55, 8),
(56, 8),
(57, 3),
(59, 4),
(60, 4),
(61, 4),
(63, 4),
(64, 15),
(65, 13);

-- --------------------------------------------------------

--
-- Table structure for table `product_categories`
--

CREATE TABLE `product_categories` (
  `id` bigint UNSIGNED NOT NULL,
  `product_category_name` varchar(255) COLLATE utf8mb4_unicode_ci NOT NULL,
  `product_category_slug` varchar(255) COLLATE utf8mb4_unicode_ci NOT NULL,
  `product_category_image` varchar(255) COLLATE utf8mb4_unicode_ci DEFAULT NULL,
  `created_at` timestamp NULL DEFAULT NULL,
  `updated_at` timestamp NULL DEFAULT NULL
) ENGINE=InnoDB DEFAULT CHARSET=utf8mb4 COLLATE=utf8mb4_unicode_ci;

--
-- Dumping data for table `product_categories`
--

INSERT INTO `product_categories` (`id`, `product_category_name`, `product_category_slug`, `product_category_image`, `created_at`, `updated_at`) VALUES
(1, 'None', 'none', NULL, '2024-08-18 04:51:28', '2024-08-18 04:51:28'),
(2, 'Lighting and Accessories', 'lighting-and-accessories', NULL, '2024-08-18 04:51:28', '2024-08-18 04:51:28'),
(3, 'Microphones', 'microphones', NULL, '2024-08-18 04:51:28', '2024-08-18 04:51:28'),
(4, 'Microphone stand and desk setup stand', 'microphone-stand-and-desk-setup-stand', NULL, '2024-08-18 04:51:28', '2024-08-18 04:51:28'),
(5, 'Tripods & Selfie Sticks', 'tripods-selfie-sticks', NULL, '2024-08-18 04:51:28', '2024-08-18 04:51:28'),
(6, 'Stabilizers', 'stabilizers', NULL, '2024-08-18 04:51:28', '2024-08-18 04:51:28'),
(7, 'Product Photography Accessories', 'product-photography-accessories', NULL, '2024-08-18 04:51:28', '2024-08-18 04:51:28'),
(8, 'Gopro & Accessories', 'gopro-accessories', NULL, '2024-08-18 04:51:28', '2024-08-18 04:51:28'),
(9, 'Sound Products', 'sound-products', NULL, '2024-08-18 04:51:28', '2024-08-18 04:51:28'),
(10, 'IT Gadget', 'it-gadget', NULL, '2024-08-18 04:51:28', '2024-08-18 04:51:28'),
(11, 'CCTV', 'cctv', NULL, '2024-08-18 04:51:28', '2024-08-18 04:51:28');

-- --------------------------------------------------------

--
-- Table structure for table `product_category_belongs`
--

CREATE TABLE `product_category_belongs` (
  `product_id` bigint UNSIGNED NOT NULL,
  `product_category_id` bigint UNSIGNED NOT NULL
) ENGINE=InnoDB DEFAULT CHARSET=utf8mb4 COLLATE=utf8mb4_unicode_ci;

--
-- Dumping data for table `product_category_belongs`
--

INSERT INTO `product_category_belongs` (`product_id`, `product_category_id`) VALUES
(1, 3),
(2, 5),
(3, 5),
(4, 5),
(5, 3),
(6, 3),
(8, 3),
(9, 3),
(11, 9),
(12, 9),
(13, 9),
(14, 9),
(15, 9),
(16, 9),
(17, 5),
(19, 2),
(20, 2),
(21, 5),
(22, 5),
(23, 5),
(24, 3),
(25, 3),
(26, 3),
(27, 3),
(28, 9),
(29, 9),
(30, 9),
(31, 9),
(32, 3),
(40, 9),
(41, 3),
(42, 3),
(43, 3),
(44, 3),
(46, 3),
(47, 3),
(48, 3),
(49, 3),
(50, 3),
(51, 3),
(45, 9),
(52, 2),
(53, 3),
(54, 3),
(55, 3),
(56, 3),
(57, 9),
(59, 2),
(60, 2),
(61, 2),
(63, 2),
(64, 10),
(65, 10);

-- --------------------------------------------------------

--
-- Table structure for table `product_colors`
--

CREATE TABLE `product_colors` (
  `id` bigint UNSIGNED NOT NULL,
  `color_name` varchar(255) COLLATE utf8mb4_unicode_ci NOT NULL,
  `color_slug` varchar(255) COLLATE utf8mb4_unicode_ci NOT NULL,
  `created_at` timestamp NULL DEFAULT NULL,
  `updated_at` timestamp NULL DEFAULT NULL
) ENGINE=InnoDB DEFAULT CHARSET=utf8mb4 COLLATE=utf8mb4_unicode_ci;

--
-- Dumping data for table `product_colors`
--

INSERT INTO `product_colors` (`id`, `color_name`, `color_slug`, `created_at`, `updated_at`) VALUES
(1, 'Red', 'red', '2024-08-18 04:51:28', '2024-08-18 04:51:28'),
(2, 'Blue', 'blue', '2024-08-18 04:51:28', '2024-08-18 04:51:28'),
(3, 'Green', 'green', '2024-08-18 04:51:28', '2024-08-18 04:51:28'),
(4, 'Yellow', 'yellow', '2024-08-18 04:51:28', '2024-08-18 04:51:28'),
(5, 'Black', 'black', '2024-08-18 04:51:28', '2024-08-18 04:51:28'),
(6, 'White', 'white', '2024-08-18 04:51:28', '2024-08-18 04:51:28'),
(7, 'Purple', 'purple', '2024-08-18 04:51:28', '2024-08-18 04:51:28'),
(8, '5', '5', '2024-08-18 05:05:58', '2024-08-18 05:05:58'),
(9, '6', '6', '2024-08-19 07:31:48', '2024-08-19 07:31:48'),
(10, 'Black10', 'black10', '2024-08-21 10:57:37', '2024-08-21 10:57:37');

-- --------------------------------------------------------

--
-- Table structure for table `product_color_belongs`
--

CREATE TABLE `product_color_belongs` (
  `product_id` bigint UNSIGNED NOT NULL,
  `product_color_id` bigint UNSIGNED NOT NULL
) ENGINE=InnoDB DEFAULT CHARSET=utf8mb4 COLLATE=utf8mb4_unicode_ci;

--
-- Dumping data for table `product_color_belongs`
--

INSERT INTO `product_color_belongs` (`product_id`, `product_color_id`) VALUES
(1, 5),
(2, 5),
(3, 5),
(4, 5),
(5, 5),
(6, 5),
(8, 5),
(9, 5),
(11, 6),
(12, 6),
(13, 5),
(14, 5),
(15, 5),
(16, 5),
(17, 5),
(19, 5),
(20, 5),
(21, 5),
(22, 5),
(23, 5),
(24, 5),
(25, 5),
(26, 5),
(27, 5),
(28, 5),
(29, 6),
(30, 5),
(31, 5),
(32, 5),
(40, 5),
(41, 5),
(42, 5),
(43, 5),
(44, 5),
(45, 5),
(46, 5),
(47, 5),
(48, 5),
(49, 5),
(50, 5),
(51, 5),
(52, 5),
(53, 5),
(54, 5),
(55, 5),
(56, 5),
(57, 5),
(59, 5),
(60, 5),
(61, 5),
(63, 5),
(64, 5),
(65, 5);

-- --------------------------------------------------------

--
-- Table structure for table `product_infos`
--

CREATE TABLE `product_infos` (
  `id` bigint UNSIGNED NOT NULL,
  `product_id` bigint UNSIGNED NOT NULL,
  `product_size` varchar(255) COLLATE utf8mb4_unicode_ci DEFAULT NULL,
  `short_descp` text CHARACTER SET utf8mb4 COLLATE utf8mb4_unicode_ci,
  `long_descp` text CHARACTER SET utf8mb4 COLLATE utf8mb4_unicode_ci,
  `warranty` varchar(255) COLLATE utf8mb4_unicode_ci DEFAULT NULL,
  `url` varchar(255) COLLATE utf8mb4_unicode_ci DEFAULT NULL,
  `new` int DEFAULT NULL,
  `hot` int DEFAULT NULL,
  `sale` int DEFAULT NULL,
  `best_sale` int DEFAULT NULL,
  `created_at` timestamp NULL DEFAULT NULL,
  `updated_at` timestamp NULL DEFAULT NULL
) ENGINE=InnoDB DEFAULT CHARSET=utf8mb4 COLLATE=utf8mb4_unicode_ci;

--
-- Dumping data for table `product_infos`
--

INSERT INTO `product_infos` (`id`, `product_id`, `product_size`, `short_descp`, `long_descp`, `warranty`, `url`, `new`, `hot`, `sale`, `best_sale`, `created_at`, `updated_at`) VALUES
(1, 1, NULL, NULL, '<div><ul style=\"margin: 0px; list-style-type: disc; color: rgb(111, 111, 111); font-family: -apple-system, BlinkMacSystemFont, &quot;Segoe UI&quot;, Roboto, Oxygen, Ubuntu, Cantarell, &quot;Open Sans&quot;, &quot;Helvetica Neue&quot;, sans-serif; letter-spacing: 0.5px;\"><li style=\"margin: 10px;\">Enhanced headphone monitoring function, allowing you to monitor in real-time while shooting. with 3.5mm interface. with two 3.mm cables, can be used with laptop/PC/DSLR Camera / amplifier/ DV / Camcorder/ smartphone / mixer, etc.</li><li style=\"margin: 10px;\">360 degrees Ultra-Clear pickup/receiver equal amount of sound from all directions</li><li style=\"margin: 10px;\">Crystal-clear audio for any type of content creation.</li><li style=\"margin: 10px;\">Plug and play-automatic pairing. the signal transmission with low latency</li><li style=\"margin: 10px;\"><br></li></ul><div><table style=\"table-layout: fixed; border-top: 1px solid rgb(221, 221, 221); color: rgb(33, 37, 41); font-family: -apple-system, BlinkMacSystemFont, &quot;Segoe UI&quot;, Roboto, Oxygen, Ubuntu, Cantarell, &quot;Open Sans&quot;, &quot;Helvetica Neue&quot;, sans-serif; letter-spacing: 0.5px;\"><tbody><tr style=\"border-bottom-width: 1px; padding: 0.5rem; background-color: var(--bs-table-bg); box-shadow: inset 0 0 0 9999px var(--bs-table-accent-bg);\"><th style=\"text-align: -webkit-match-parent; border-color: rgb(231, 231, 231); background-color: rgb(243, 243, 243); color: rgb(15, 17, 17); font-weight: 400; padding: 7px 14px 6px;\">Brand</th><td style=\"border-color: rgb(231, 231, 231); padding: 7px 14px 6px;\">Digitek</td></tr><tr style=\"border-bottom-width: 1px; padding: 0.5rem; background-color: var(--bs-table-bg); box-shadow: inset 0 0 0 9999px var(--bs-table-accent-bg);\"><th style=\"text-align: -webkit-match-parent; border-color: rgb(231, 231, 231); background-color: rgb(243, 243, 243); color: rgb(15, 17, 17); font-weight: 400; padding: 7px 14px 6px;\">Model</th><td style=\"border-color: rgb(231, 231, 231); padding: 7px 14px 6px;\">DWM 101</td></tr><tr style=\"border-bottom-width: 1px; padding: 0.5rem; background-color: var(--bs-table-bg); box-shadow: inset 0 0 0 9999px var(--bs-table-accent-bg);\"><th style=\"text-align: -webkit-match-parent; border-color: rgb(231, 231, 231); background-color: rgb(243, 243, 243); color: rgb(15, 17, 17); font-weight: 400; padding: 7px 14px 6px;\">Product Dimensions</th><td style=\"border-color: rgb(231, 231, 231); padding: 7px 14px 6px;\">16.2 x 11 x 5.2 cm; 300 Grams</td></tr><tr style=\"border-bottom-width: 1px; padding: 0.5rem; background-color: var(--bs-table-bg); box-shadow: inset 0 0 0 9999px var(--bs-table-accent-bg);\"><th style=\"text-align: -webkit-match-parent; border-color: rgb(231, 231, 231); background-color: rgb(243, 243, 243); color: rgb(15, 17, 17); font-weight: 400; padding: 7px 14px 6px;\">Batteries</th><td style=\"border-color: rgb(231, 231, 231); padding: 7px 14px 6px;\">1 Lithium Polymer batteries required. (included)</td></tr><tr style=\"border-bottom-width: 1px; padding: 0.5rem; background-color: var(--bs-table-bg); box-shadow: inset 0 0 0 9999px var(--bs-table-accent-bg);\"><th style=\"text-align: -webkit-match-parent; border-color: rgb(231, 231, 231); background-color: rgb(243, 243, 243); color: rgb(15, 17, 17); font-weight: 400; padding: 7px 14px 6px;\">Item model number</th><td style=\"border-color: rgb(231, 231, 231); padding: 7px 14px 6px;\">DWM 101</td></tr><tr style=\"border-bottom-width: 1px; padding: 0.5rem; background-color: var(--bs-table-bg); box-shadow: inset 0 0 0 9999px var(--bs-table-accent-bg);\"><th style=\"text-align: -webkit-match-parent; border-color: rgb(231, 231, 231); background-color: rgb(243, 243, 243); color: rgb(15, 17, 17); font-weight: 400; padding: 7px 14px 6px;\">Mounting Hardware</th><td style=\"border-color: rgb(231, 231, 231); padding: 7px 14px 6px;\">Teansmitter, Receiver, 2 Wind Muff, one with Two Cable, DSLR Cable, 2 Monitor Earphone, One Lightning Cable</td></tr><tr style=\"border-bottom-width: 1px; padding: 0.5rem; background-color: var(--bs-table-bg); box-shadow: inset 0 0 0 9999px var(--bs-table-accent-bg);\"><th style=\"text-align: -webkit-match-parent; border-color: rgb(231, 231, 231); background-color: rgb(243, 243, 243); color: rgb(15, 17, 17); font-weight: 400; padding: 7px 14px 6px;\">Number Of Items</th><td style=\"border-color: rgb(231, 231, 231); padding: 7px 14px 6px;\">9</td></tr><tr style=\"border-bottom-width: 1px; padding: 0.5rem; background-color: var(--bs-table-bg); box-shadow: inset 0 0 0 9999px var(--bs-table-accent-bg);\"><th style=\"text-align: -webkit-match-parent; border-color: rgb(231, 231, 231); background-color: rgb(243, 243, 243); color: rgb(15, 17, 17); font-weight: 400; padding: 7px 14px 6px;\">Microphone Form Factor</th><td style=\"border-color: rgb(231, 231, 231); padding: 7px 14px 6px;\">Microphone System</td></tr><tr style=\"border-bottom-width: 1px; padding: 0.5rem; background-color: var(--bs-table-bg); box-shadow: inset 0 0 0 9999px var(--bs-table-accent-bg);\"><th style=\"text-align: -webkit-match-parent; border-color: rgb(231, 231, 231); background-color: rgb(243, 243, 243); color: rgb(15, 17, 17); font-weight: 400; padding: 7px 14px 6px;\">Power Source</th><td style=\"border-color: rgb(231, 231, 231); padding: 7px 14px 6px;\">Battery Powered</td></tr><tr style=\"border-bottom-width: 1px; padding: 0.5rem; background-color: var(--bs-table-bg); box-shadow: inset 0 0 0 9999px var(--bs-table-accent-bg);\"><th style=\"text-align: -webkit-match-parent; border-color: rgb(231, 231, 231); background-color: rgb(243, 243, 243); color: rgb(15, 17, 17); font-weight: 400; padding: 7px 14px 6px;\">Batteries Included</th><td style=\"border-color: rgb(231, 231, 231); padding: 7px 14px 6px;\">Yes</td></tr><tr style=\"border-bottom-width: 1px; padding: 0.5rem; background-color: var(--bs-table-bg); box-shadow: inset 0 0 0 9999px var(--bs-table-accent-bg);\"><th style=\"text-align: -webkit-match-parent; border-color: rgb(231, 231, 231); background-color: rgb(243, 243, 243); color: rgb(15, 17, 17); font-weight: 400; padding: 7px 14px 6px;\">Batteries Required</th><td style=\"border-color: rgb(231, 231, 231); padding: 7px 14px 6px;\">Yes</td></tr><tr style=\"border-bottom-width: 1px; padding: 0.5rem; background-color: var(--bs-table-bg); box-shadow: inset 0 0 0 9999px var(--bs-table-accent-bg);\"><th style=\"text-align: -webkit-match-parent; border-color: rgb(231, 231, 231); background-color: rgb(243, 243, 243); color: rgb(15, 17, 17); font-weight: 400; padding: 7px 14px 6px;\">Battery Cell Composition</th><td style=\"border-color: rgb(231, 231, 231); padding: 7px 14px 6px;\">Lithium Polymer</td></tr><tr style=\"border-bottom-width: 1px; padding: 0.5rem; background-color: var(--bs-table-bg); box-shadow: inset 0 0 0 9999px var(--bs-table-accent-bg);\"><th style=\"text-align: -webkit-match-parent; border-color: rgb(231, 231, 231); background-color: rgb(243, 243, 243); color: rgb(15, 17, 17); font-weight: 400; padding: 7px 14px 6px;\">Connector Type</th><td style=\"border-color: rgb(231, 231, 231); padding: 7px 14px 6px;\">Auxiliary</td></tr><tr style=\"border-bottom-width: 1px; padding: 0.5rem; background-color: var(--bs-table-bg); box-shadow: inset 0 0 0 9999px var(--bs-table-accent-bg);\"><th style=\"text-align: -webkit-match-parent; border-color: rgb(231, 231, 231); background-color: rgb(243, 243, 243); color: rgb(15, 17, 17); font-weight: 400; padding: 7px 14px 6px;\">Material</th><td style=\"border-color: rgb(231, 231, 231); padding: 7px 14px 6px;\">Brass, Plastic</td></tr><tr style=\"border-bottom-width: 1px; padding: 0.5rem; background-color: var(--bs-table-bg); box-shadow: inset 0 0 0 9999px var(--bs-table-accent-bg);\"><th style=\"text-align: -webkit-match-parent; border-color: rgb(231, 231, 231); background-color: rgb(243, 243, 243); color: rgb(15, 17, 17); font-weight: 400; padding: 7px 14px 6px;\">Includes Rechargable Battery</th><td style=\"border-color: rgb(231, 231, 231); padding: 7px 14px 6px;\">Yes</td></tr><tr style=\"border-bottom-width: 1px; padding: 0.5rem; background-color: var(--bs-table-bg); box-shadow: inset 0 0 0 9999px var(--bs-table-accent-bg);\"><th style=\"text-align: -webkit-match-parent; border-color: rgb(231, 231, 231); background-color: rgb(243, 243, 243); color: rgb(15, 17, 17); font-weight: 400; padding: 7px 14px 6px;\">Manufacturer</th><td style=\"border-color: rgb(231, 231, 231); padding: 7px 14px 6px;\">IMS Mercantiles Pvt. Ltd., 1800-123-544-444</td></tr><tr style=\"border-bottom-width: 1px; padding: 0.5rem; background-color: var(--bs-table-bg); box-shadow: inset 0 0 0 9999px var(--bs-table-accent-bg);\"><th style=\"text-align: -webkit-match-parent; border-color: rgb(231, 231, 231); background-color: rgb(243, 243, 243); color: rgb(15, 17, 17); font-weight: 400; padding: 7px 14px 6px;\">Country of Origin</th><td style=\"border-color: rgb(231, 231, 231); padding: 7px 14px 6px;\">China</td></tr><tr style=\"border-bottom-width: 1px; padding: 0.5rem; background-color: var(--bs-table-bg); box-shadow: inset 0 0 0 9999px var(--bs-table-accent-bg);\"><th style=\"text-align: -webkit-match-parent; border-color: rgb(231, 231, 231); background-color: rgb(243, 243, 243); color: rgb(15, 17, 17); font-weight: 400; padding: 7px 14px 6px;\">Imported By</th><td style=\"border-color: rgb(231, 231, 231); padding: 7px 14px 6px;\">IMS Mercantiles Pvt. Ltd., 1800-123-544-444</td></tr><tr style=\"border-bottom-width: 1px; padding: 0.5rem; background-color: var(--bs-table-bg); box-shadow: inset 0 0 0 9999px var(--bs-table-accent-bg);\"><th style=\"text-align: -webkit-match-parent; border-color: rgb(231, 231, 231); background-color: rgb(243, 243, 243); color: rgb(15, 17, 17); font-weight: 400; padding: 7px 14px 6px;\">Item Weight</th><td style=\"border-color: rgb(231, 231, 231); padding: 7px 14px 6px;\">300 g</td></tr><tr style=\"border-bottom-width: 1px; padding: 0.5rem; background-color: var(--bs-table-bg); box-shadow: inset 0 0 0 9999px var(--bs-table-accent-bg);\"><th style=\"text-align: -webkit-match-parent; border-color: rgb(231, 231, 231); background-color: rgb(243, 243, 243); color: rgb(15, 17, 17); font-weight: 400; padding: 7px 14px 6px;\">Warranty</th><td style=\"border-color: rgb(231, 231, 231); padding: 7px 14px 6px;\">12 Months</td></tr></tbody></table><br></div></div><div><br style=\"color: rgb(111, 111, 111); font-family: -apple-system, BlinkMacSystemFont, &quot;Segoe UI&quot;, Roboto, Oxygen, Ubuntu, Cantarell, &quot;Open Sans&quot;, &quot;Helvetica Neue&quot;, sans-serif; letter-spacing: 0.5px;\"><div class=\"iframe-container\" style=\"color: rgb(111, 111, 111); font-family: -apple-system, BlinkMacSystemFont, &quot;Segoe UI&quot;, Roboto, Oxygen, Ubuntu, Cantarell, &quot;Open Sans&quot;, &quot;Helvetica Neue&quot;, sans-serif; letter-spacing: 0.5px;\"><br></div></div>', '1 Year', NULL, NULL, NULL, NULL, 1, '2024-08-18 05:02:18', '2024-08-18 05:20:34'),
(2, 2, NULL, NULL, '<div><ul class=\"a-unordered-list a-vertical a-spacing-mini\" data-mce-fragment=\"1\" style=\"margin: 0px; list-style-type: disc; color: rgb(111, 111, 111); font-family: -apple-system, BlinkMacSystemFont, &quot;Segoe UI&quot;, Roboto, Oxygen, Ubuntu, Cantarell, &quot;Open Sans&quot;, &quot;Helvetica Neue&quot;, sans-serif; letter-spacing: 0.5px;\"><li class=\"a-spacing-mini\" data-mce-fragment=\"1\" style=\"margin: 10px;\"><span class=\"a-list-item\" data-mce-fragment=\"1\" style=\"display: inline-block;\">7 Section Aluminium Grooved Rod With 160 cm Maximum extended length for a higher angle to capture the wider image.</span></li><li class=\"a-spacing-mini\" data-mce-fragment=\"1\" style=\"margin: 10px;\"><span class=\"a-list-item\" data-mce-fragment=\"1\" style=\"display: inline-block;\">Large ABS-reinforced non-slip tripod for Stable photography/video calling and other activities</span></li><li class=\"a-spacing-mini\" data-mce-fragment=\"1\" style=\"margin: 10px;\"><span class=\"a-list-item\" data-mce-fragment=\"1\" style=\"display: inline-block;\">Mobile Mount comes with 360 Degree Rotation</span></li><li class=\"a-spacing-mini\" data-mce-fragment=\"1\" style=\"margin: 10px;\"><span class=\"a-list-item\" data-mce-fragment=\"1\" style=\"display: inline-block;\">Equipped with Bluetooth 4.0 wireless detachable remote control, the remote control can be controlled within the range of 10m for mobile phone photos and videos.</span></li></ul></div>', NULL, 'https://youtu.be/rCZxBc9O4LY', NULL, NULL, NULL, 1, '2024-08-19 04:17:38', '2024-08-19 04:19:52'),
(3, 3, NULL, NULL, '<div>Maximum height 1950mm</div><div>Max load capacity 5 kg</div><div>Foldable height 590mm</div>', NULL, NULL, NULL, NULL, NULL, NULL, '2024-08-19 04:34:58', '2024-08-19 07:32:32'),
(4, 4, NULL, NULL, '<div><ul style=\"margin: 0px; list-style-type: disc; color: rgb(111, 111, 111); font-family: -apple-system, BlinkMacSystemFont, &quot;Segoe UI&quot;, Roboto, Oxygen, Ubuntu, Cantarell, &quot;Open Sans&quot;, &quot;Helvetica Neue&quot;, sans-serif; letter-spacing: 0.5px;\"><li style=\"margin: 10px;\">3 WAY HEAD WITH ADJUSTABLE PAN: Three way head allows you to easily change the orientation of the camera from portrait to landscape--and almost any angle in between with the handy tilt motion. Turn the knobs to secure. The tripod also allows for full panoramic possibilities with its 360-degree swivel function.</li><li style=\"margin: 10px;\">WELL-BUILD STRUCTURE: Aluminium alloy legs with nonslip rubber feet which include three flip locks for adjusting the height of each leg in seconds, which works great outdoor on uneven surfaces. This tripod weighs 0.48 kgs with the maximum operable load of upto 3 Kgs. Adjusts to your comfort it comes with a maximum height of 4.26 feet &amp; foldable height of 1.47 feet.</li><li style=\"margin: 10px;\">CAPTURE YOUR STORIES: Capture vivid, professional-style photographs with help from this Digitek DTR 455 LT Lightweight Tripod. Its a useful accessory for both, novice and professional photographers alike, this handy tripod accommodates a wide range of digital, video and still cameras and comes loaded with user-friendly features. Compatible with most video cameras, digital cameras, still cameras, GoPro devices, Smartphone adapters and scopes.</li><li style=\"margin: 10px;\">STURDY &amp; LIGHTWEIGHT: Made of strong yet lightweight aluminum, the tripod transitions effortlessly from one spot to another and transports easily. The tripod offers a collapsible design where the handle rotates down, the legs contract and everything folds in, creating a short, compact size. The tripod fits neatly into the provided zippered bag for easy portability and safe storage.</li><li style=\"margin: 10px;\">POWER BEHIND THE PERFECT PICTURE: When it comes to image quality, the one piece of gear everyone recommends is Digitek DTR 455 LT Tripod. With its stable camera support opens up all sorts of possibilities in terms of low-light shooting, long exposures, panning shots, panoramas and more</li></ul></div>', NULL, NULL, NULL, NULL, NULL, NULL, '2024-08-19 04:47:09', '2024-08-19 04:47:09'),
(5, 5, NULL, NULL, '<div><ul class=\"a-unordered-list a-vertical a-spacing-mini\" data-mce-fragment=\"1\" style=\"margin: 0px; list-style-type: disc; color: rgb(111, 111, 111); font-family: -apple-system, BlinkMacSystemFont, &quot;Segoe UI&quot;, Roboto, Oxygen, Ubuntu, Cantarell, &quot;Open Sans&quot;, &quot;Helvetica Neue&quot;, sans-serif; letter-spacing: 0.5px;\"><li class=\"a-spacing-mini\" data-mce-fragment=\"1\" style=\"margin: 10px;\"><span class=\"a-list-item\" data-mce-fragment=\"1\" style=\"display: inline-block;\">Crystal Clear Audio for any type of Content Creation</span></li><li class=\"a-spacing-mini\" data-mce-fragment=\"1\" style=\"margin: 10px;\"><span class=\"a-list-item\" data-mce-fragment=\"1\" style=\"display: inline-block;\">Built in 3.7V / 1800mA Li-Poly Battery on Power Charging Compartment &amp; Built in 3.7V / 300mA Li-Poly Battery on Host works for 12 hrs</span></li><li class=\"a-spacing-mini\" data-mce-fragment=\"1\" style=\"margin: 10px;\"><span class=\"a-list-item\" data-mce-fragment=\"1\" style=\"display: inline-block;\">DC 5V/1-2A Type C Power adapter &amp; Built-in V 5.3 Bluetooth</span></li><li class=\"a-spacing-mini\" data-mce-fragment=\"1\" style=\"margin: 10px;\"><span class=\"a-list-item\" data-mce-fragment=\"1\" style=\"display: inline-block;\">Built-in DSP Chip- Intelligently Filter Noise, Provide Professional Full Frequency Audio Quality.</span></li><li class=\"a-spacing-mini\" data-mce-fragment=\"1\" style=\"margin: 10px;\"><span class=\"a-list-item\" data-mce-fragment=\"1\" style=\"display: inline-block;\">Plug n Play- Automatic Pairing. The signal transmission with low Latency &amp; without interruption, suitable for Video Shooting.</span></li><li class=\"a-spacing-mini\" data-mce-fragment=\"1\" style=\"margin: 10px;\"><span class=\"a-list-item\" data-mce-fragment=\"1\" style=\"display: inline-block;\">High performance Wireless Transmission- effective up to 30 meter with 90dB sensitivity</span></li><li class=\"a-spacing-mini\" data-mce-fragment=\"1\" style=\"margin: 10px;\"><span class=\"a-list-item\" data-mce-fragment=\"1\" style=\"display: inline-block;\">Can be used with Laptop/PC/DSLR Camera/Amplifier/DV/Camcorder/Smartphone/Mixer etc.</span></li></ul></div>', '1 Year', NULL, NULL, NULL, NULL, NULL, '2024-08-19 05:29:03', '2024-08-19 07:34:36'),
(6, 6, NULL, NULL, '<div><ul class=\"a-unordered-list a-vertical a-spacing-mini\" style=\"margin: 0px; list-style-type: disc; color: rgb(111, 111, 111); font-family: -apple-system, BlinkMacSystemFont, &quot;Segoe UI&quot;, Roboto, Oxygen, Ubuntu, Cantarell, &quot;Open Sans&quot;, &quot;Helvetica Neue&quot;, sans-serif; letter-spacing: 0.5px;\"><li class=\"a-spacing-small\" style=\"margin: 10px;\"><span class=\"a-list-item\" style=\"display: inline-block;\">Crystal Clear Audio for any Content Creation</span></li><li class=\"a-spacing-small\" style=\"margin: 10px;\"><span class=\"a-list-item\" style=\"display: inline-block;\">Comes with Dual Interface Type C &amp; Lightning Connector</span></li><li class=\"a-spacing-small\" style=\"margin: 10px;\"><span class=\"a-list-item\" style=\"display: inline-block;\">Comes with 800mAh Li-Poly Battery Power Charging Compartment</span></li><li class=\"a-spacing-small\" style=\"margin: 10px;\"><span class=\"a-list-item\" style=\"display: inline-block;\">Plug n Play- Automatic Pairing. The signal transmission with low Latency &amp; without interruption, is suitable for Video Shooting.</span></li><li class=\"a-spacing-small\" style=\"margin: 10px;\"><span class=\"a-list-item\" style=\"display: inline-block;\">It can be used with Laptop/PC/DSLR Camera/Amplifier/DV/Camcorder/Smartphone/Mixer etc</span></li><li class=\"a-spacing-small\" style=\"margin: 10px;\"><span class=\"a-list-item\" style=\"display: inline-block;\"><table id=\"productDetails_techSpec_section_1\" class=\"a-keyvalue prodDetTable\" role=\"presentation\" style=\"table-layout: fixed; border-top: 1px solid rgb(221, 221, 221);\"><tbody><tr><th class=\"a-color-secondary a-size-base prodDetSectionEntry\" style=\"text-align: -webkit-match-parent; border-color: rgb(231, 231, 231); background-color: rgb(243, 243, 243); color: rgb(15, 17, 17); font-weight: 400; padding: 7px 14px 6px;\">Product Dimensions</th><td class=\"a-size-base prodDetAttrValue\" style=\"border-color: rgb(231, 231, 231); padding: 7px 14px 6px;\">22 x 22 x 12 cm; 350 Grams</td></tr><tr><th class=\"a-color-secondary a-size-base prodDetSectionEntry\" style=\"text-align: -webkit-match-parent; border-color: rgb(231, 231, 231); background-color: rgb(243, 243, 243); color: rgb(15, 17, 17); font-weight: 400; padding: 7px 14px 6px;\">Batteries</th><td class=\"a-size-base prodDetAttrValue\" style=\"border-color: rgb(231, 231, 231); padding: 7px 14px 6px;\">3 Lithium Polymer batteries required. (included)</td></tr><tr><th class=\"a-color-secondary a-size-base prodDetSectionEntry\" style=\"text-align: -webkit-match-parent; border-color: rgb(231, 231, 231); background-color: rgb(243, 243, 243); color: rgb(15, 17, 17); font-weight: 400; padding: 7px 14px 6px;\">Item model number</th><td class=\"a-size-base prodDetAttrValue\" style=\"border-color: rgb(231, 231, 231); padding: 7px 14px 6px;\">DWM-103</td></tr><tr><th class=\"a-color-secondary a-size-base prodDetSectionEntry\" style=\"text-align: -webkit-match-parent; border-color: rgb(231, 231, 231); background-color: rgb(243, 243, 243); color: rgb(15, 17, 17); font-weight: 400; padding: 7px 14px 6px;\">Colour</th><td class=\"a-size-base prodDetAttrValue\" style=\"border-color: rgb(231, 231, 231); padding: 7px 14px 6px;\">Black</td></tr><tr><th class=\"a-color-secondary a-size-base prodDetSectionEntry\" style=\"text-align: -webkit-match-parent; border-color: rgb(231, 231, 231); background-color: rgb(243, 243, 243); color: rgb(15, 17, 17); font-weight: 400; padding: 7px 14px 6px;\">Connector</th><td class=\"a-size-base prodDetAttrValue\" style=\"border-color: rgb(231, 231, 231); padding: 7px 14px 6px;\">USB Type-C, Lightning</td></tr><tr><th class=\"a-color-secondary a-size-base prodDetSectionEntry\" style=\"text-align: -webkit-match-parent; border-color: rgb(231, 231, 231); background-color: rgb(243, 243, 243); color: rgb(15, 17, 17); font-weight: 400; padding: 7px 14px 6px;\">Material</th><td class=\"a-size-base prodDetAttrValue\" style=\"border-color: rgb(231, 231, 231); padding: 7px 14px 6px;\">Polycarbonate</td></tr><tr><th class=\"a-color-secondary a-size-base prodDetSectionEntry\" style=\"text-align: -webkit-match-parent; border-color: rgb(231, 231, 231); background-color: rgb(243, 243, 243); color: rgb(15, 17, 17); font-weight: 400; padding: 7px 14px 6px;\">Battery Type</th><td class=\"a-size-base prodDetAttrValue\" style=\"border-color: rgb(231, 231, 231); padding: 7px 14px 6px;\">Lithium Polymer</td></tr><tr><th class=\"a-color-secondary a-size-base prodDetSectionEntry\" style=\"text-align: -webkit-match-parent; border-color: rgb(231, 231, 231); background-color: rgb(243, 243, 243); color: rgb(15, 17, 17); font-weight: 400; padding: 7px 14px 6px;\">Power Source</th><td class=\"a-size-base prodDetAttrValue\" style=\"border-color: rgb(231, 231, 231); padding: 7px 14px 6px;\">Battery Powered</td></tr><tr><th class=\"a-color-secondary a-size-base prodDetSectionEntry\" style=\"text-align: -webkit-match-parent; border-color: rgb(231, 231, 231); background-color: rgb(243, 243, 243); color: rgb(15, 17, 17); font-weight: 400; padding: 7px 14px 6px;\">Item Weight</th><td class=\"a-size-base prodDetAttrValue\" style=\"border-color: rgb(231, 231, 231); padding: 7px 14px 6px;\">350 g</td></tr><tr><th class=\"a-color-secondary a-size-base prodDetSectionEntry\" style=\"text-align: -webkit-match-parent; border-color: rgb(231, 231, 231); background-color: rgb(243, 243, 243); color: rgb(15, 17, 17); font-weight: 400; padding: 7px 14px 6px;\">Manufacturer</th><td class=\"a-size-base prodDetAttrValue\" style=\"border-color: rgb(231, 231, 231); padding: 7px 14px 6px;\">IMS Mercantiles Pvt. Ltd.</td></tr><tr><th class=\"a-color-secondary a-size-base prodDetSectionEntry\" style=\"text-align: -webkit-match-parent; border-color: rgb(231, 231, 231); background-color: rgb(243, 243, 243); color: rgb(15, 17, 17); font-weight: 400; padding: 7px 14px 6px;\">Country of Origin</th><td class=\"a-size-base prodDetAttrValue\" style=\"border-color: rgb(231, 231, 231); padding: 7px 14px 6px;\">China</td></tr></tbody></table></span></li></ul></div>', '1 Year', NULL, NULL, NULL, NULL, NULL, '2024-08-19 05:51:07', '2024-08-19 05:52:13'),
(8, 8, NULL, NULL, '<ul class=\"a-unordered-list a-vertical a-spacing-mini\" data-mce-fragment=\"1\" style=\"margin: 0px; list-style-type: disc; color: rgb(111, 111, 111); font-family: -apple-system, BlinkMacSystemFont, &quot;Segoe UI&quot;, Roboto, Oxygen, Ubuntu, Cantarell, &quot;Open Sans&quot;, &quot;Helvetica Neue&quot;, sans-serif; letter-spacing: 0.5px;\"><li class=\"a-spacing-mini\" data-mce-fragment=\"1\" style=\"margin: 10px;\"><span class=\"a-list-item\" data-mce-fragment=\"1\" style=\"display: inline-block;\">Microphone Type: Analog Capacitive Microphone</span></li><li class=\"a-spacing-mini\" data-mce-fragment=\"1\" style=\"margin: 10px;\"><span class=\"a-list-item\" data-mce-fragment=\"1\" style=\"display: inline-block;\">Microphone Battery capacity 100mAh &amp; Charging Case battery capacity 600mAh(2 Hours charging time) with 6 hrs working time</span></li><li class=\"a-spacing-mini\" data-mce-fragment=\"1\" style=\"margin: 10px;\"><span class=\"a-list-item\" data-mce-fragment=\"1\" style=\"display: inline-block;\">Signal-to-Noise Ratio 65db &amp; Frequency Range 50Hz-18KHz</span></li><li class=\"a-spacing-mini\" data-mce-fragment=\"1\" style=\"margin: 10px;\"><span class=\"a-list-item\" data-mce-fragment=\"1\" style=\"display: inline-block;\">Upto 50 meters covering rang</span></li></ul>', '1 Year', NULL, NULL, NULL, NULL, NULL, '2024-08-19 06:42:43', '2024-08-19 09:19:09'),
(9, 9, NULL, NULL, '<div><ul class=\"a-unordered-list a-vertical a-spacing-mini\" data-mce-fragment=\"1\" style=\"margin: 0px; list-style-type: disc; color: rgb(111, 111, 111); font-family: -apple-system, BlinkMacSystemFont, &quot;Segoe UI&quot;, Roboto, Oxygen, Ubuntu, Cantarell, &quot;Open Sans&quot;, &quot;Helvetica Neue&quot;, sans-serif; letter-spacing: 0.5px;\"><li class=\"a-spacing-mini\" data-mce-fragment=\"1\" style=\"margin: 10px;\"><span class=\"a-list-item\" data-mce-fragment=\"1\" style=\"display: inline-block;\">Wireless Microphone System 1x Receiver &amp; 2 Transmitter &amp; 1x TRS, 1 x TRRS, 1 x Type-C &amp; 1 x Lightning Audio Adapter in single unit</span></li><li class=\"a-spacing-mini\" data-mce-fragment=\"1\" style=\"margin: 10px;\"><span class=\"a-list-item\" data-mce-fragment=\"1\" style=\"display: inline-block;\">Charging Case. Charging Case has Type-C 5V input &amp; 1000mAh / 3.7V Battery Capacity to charge Receiver &amp; Transmitter</span></li><li class=\"a-spacing-mini\" data-mce-fragment=\"1\" style=\"margin: 10px;\"><span class=\"a-list-item\" data-mce-fragment=\"1\" style=\"display: inline-block;\">Noise Cancellation function. Suitable for Broadcasting, Shooting, V-Logs, Karaoke Songs, Speeches, Conference etc</span></li></ul></div>', '1 Year', NULL, NULL, NULL, NULL, NULL, '2024-08-19 06:49:58', '2024-08-19 09:17:32'),
(11, 11, NULL, NULL, '<div><div class=\"\" data-block=\"true\" data-editor=\"6letv\" data-offset-key=\"ekn4p-0-0\" data-mce-fragment=\"1\" style=\"border: 0px; vertical-align: baseline; font-variant-numeric: inherit; font-variant-east-asian: inherit; font-variant-alternates: inherit; font-variant-position: inherit; font-stretch: inherit; line-height: inherit; font-family: Poppins; font-optical-sizing: inherit; font-size-adjust: inherit; font-kerning: inherit; font-feature-settings: inherit; font-variation-settings: inherit; color: rgb(135, 135, 135); background-color: rgb(246, 246, 248);\"><div data-offset-key=\"ekn4p-0-0\" class=\"_1mf _1mj\" data-mce-fragment=\"1\" style=\"border: 0px; vertical-align: baseline; font-style: inherit; font-variant: inherit; font-weight: inherit; font-stretch: inherit; line-height: inherit; font-family: inherit; font-optical-sizing: inherit; font-size-adjust: inherit; font-kerning: inherit; font-feature-settings: inherit; font-variation-settings: inherit;\"><span data-offset-key=\"ekn4p-0-0\" data-mce-fragment=\"1\" style=\"border: 0px; vertical-align: baseline; font-style: inherit; font-variant: inherit; font-weight: inherit; font-stretch: inherit; line-height: inherit; font-family: inherit; font-optical-sizing: inherit; font-size-adjust: inherit; font-kerning: inherit; font-feature-settings: inherit; font-variation-settings: inherit;\"></span></div></div><span style=\"font-size:16px;\"><br>\r\n bluetooth version 5.1   connection   bluetooth distance         auto  (Siri   )<br>\r\n   tws earphone      viber call     BARMASO  tws earphone     <br>\r\n<br>\r\n earbuds  battery case         tws earphone  earbuds  battery case  mAh capacity    <br>\r\n<br>\r\n BARMASO TWS earphone  touch       function <br>\r\n<br>\r\n    battery case   earbuds ()  master bud   bluetooth   <br>\r\n BARMASO TWS earphone    Premium quality             buds   buds  <br>\r\n<br>\r\n      battery case  earbuds   <br>\r\n<br>\r\n    confortable     <br>\r\n<br>\r\n   <br>\r\n<br>\r\n Type C port  <br>\r\n<br>\r\n earphone cap  size    </span><div class=\"\" data-block=\"true\" data-editor=\"6letv\" data-offset-key=\"4niuk-0-0\" data-mce-fragment=\"1\" style=\"border: 0px; vertical-align: baseline; font-variant-numeric: inherit; font-variant-east-asian: inherit; font-variant-alternates: inherit; font-variant-position: inherit; font-stretch: inherit; line-height: inherit; font-family: Poppins; font-optical-sizing: inherit; font-size-adjust: inherit; font-kerning: inherit; font-feature-settings: inherit; font-variation-settings: inherit; color: rgb(135, 135, 135); background-color: rgb(246, 246, 248);\"><div data-offset-key=\"4niuk-0-0\" class=\"_1mf _1mj\" data-mce-fragment=\"1\" style=\"border: 0px; vertical-align: baseline; font-style: inherit; font-variant: inherit; font-weight: inherit; font-stretch: inherit; line-height: inherit; font-family: inherit; font-optical-sizing: inherit; font-size-adjust: inherit; font-kerning: inherit; font-feature-settings: inherit; font-variation-settings: inherit;\"><span data-offset-key=\"4niuk-0-0\" data-mce-fragment=\"1\" style=\"border: 0px; vertical-align: baseline; font-style: inherit; font-variant: inherit; font-weight: inherit; font-stretch: inherit; line-height: inherit; font-family: inherit; font-optical-sizing: inherit; font-size-adjust: inherit; font-kerning: inherit; font-feature-settings: inherit; font-variation-settings: inherit;\"></span></div><div><span data-offset-key=\"4niuk-0-0\" data-mce-fragment=\"1\" style=\"border: 0px; vertical-align: baseline; font-style: inherit; font-variant: inherit; font-weight: inherit; font-stretch: inherit; line-height: inherit; font-family: inherit; font-optical-sizing: inherit; font-size-adjust: inherit; font-kerning: inherit; font-feature-settings: inherit; font-variation-settings: inherit;\"><br></span></div></div></div>', '1 Year', NULL, NULL, NULL, NULL, NULL, '2024-08-19 07:24:25', '2024-08-19 07:31:48'),
(12, 12, NULL, NULL, '<div><span style=\"color: rgb(135, 135, 135); font-family: Poppins; background-color: rgb(246, 246, 248);\"><span style=\"font-size:16px;\"></span></span><span style=\"font-size:16px;\"><span style=\"font-size:16px;\">--<br>\r\n-     <br>\r\n-   <br>\r\n- battery   case battery    <br>\r\n- Digital display     <br>\r\n- Bluetooth version 5.3  connection   </span></span><span style=\"color: rgb(135, 135, 135); font-family: Poppins; background-color: rgb(246, 246, 248);\"></span><br></div>', '1 Year', NULL, NULL, NULL, NULL, NULL, '2024-08-19 07:31:11', '2024-08-19 10:54:52'),
(13, 13, NULL, NULL, '<div><span style=\"color: rgb(51, 51, 51); font-family: &quot;Source Sans Pro&quot;, &quot;Open Sans&quot;, &quot;Helvetica Neue&quot;, Helvetica, Arial, &quot;Hiragino Sans GB&quot;, &quot;Microsoft YaHei&quot;, , STHeiti, &quot;WenQuanYi Micro Hei&quot;, SimSun, sans-serif; font-size: 16px; white-space-collapse: break-spaces;\">TWS with Detachable Microphone Gaming Headphone</span><br style=\"font-family: &quot;Source Sans Pro&quot;, &quot;Open Sans&quot;, &quot;Helvetica Neue&quot;, Helvetica, Arial, &quot;Hiragino Sans GB&quot;, &quot;Microsoft YaHei&quot;, , STHeiti, &quot;WenQuanYi Micro Hei&quot;, SimSun, sans-serif; color: rgb(51, 51, 51); font-size: 16px; white-space-collapse: break-spaces;\"><span style=\"color: rgb(51, 51, 51); font-family: &quot;Source Sans Pro&quot;, &quot;Open Sans&quot;, &quot;Helvetica Neue&quot;, Helvetica, Arial, &quot;Hiragino Sans GB&quot;, &quot;Microsoft YaHei&quot;, , STHeiti, &quot;WenQuanYi Micro Hei&quot;, SimSun, sans-serif; font-size: 16px; white-space-collapse: break-spaces;\">13mm Drive units, in ear earphones for clear sound and deep bass</span><br style=\"font-family: &quot;Source Sans Pro&quot;, &quot;Open Sans&quot;, &quot;Helvetica Neue&quot;, Helvetica, Arial, &quot;Hiragino Sans GB&quot;, &quot;Microsoft YaHei&quot;, , STHeiti, &quot;WenQuanYi Micro Hei&quot;, SimSun, sans-serif; color: rgb(51, 51, 51); font-size: 16px; white-space-collapse: break-spaces;\"><span style=\"color: rgb(51, 51, 51); font-family: &quot;Source Sans Pro&quot;, &quot;Open Sans&quot;, &quot;Helvetica Neue&quot;, Helvetica, Arial, &quot;Hiragino Sans GB&quot;, &quot;Microsoft YaHei&quot;, , STHeiti, &quot;WenQuanYi Micro Hei&quot;, SimSun, sans-serif; font-size: 16px; white-space-collapse: break-spaces;\">Two playing modes, music mode and low latency gaming mode</span><br style=\"font-family: &quot;Source Sans Pro&quot;, &quot;Open Sans&quot;, &quot;Helvetica Neue&quot;, Helvetica, Arial, &quot;Hiragino Sans GB&quot;, &quot;Microsoft YaHei&quot;, , STHeiti, &quot;WenQuanYi Micro Hei&quot;, SimSun, sans-serif; color: rgb(51, 51, 51); font-size: 16px; white-space-collapse: break-spaces;\"><span style=\"color: rgb(51, 51, 51); font-family: &quot;Source Sans Pro&quot;, &quot;Open Sans&quot;, &quot;Helvetica Neue&quot;, Helvetica, Arial, &quot;Hiragino Sans GB&quot;, &quot;Microsoft YaHei&quot;, , STHeiti, &quot;WenQuanYi Micro Hei&quot;, SimSun, sans-serif; font-size: 16px; white-space-collapse: break-spaces;\">Truly wireless, no cables, for ultimate freedom</span><br style=\"font-family: &quot;Source Sans Pro&quot;, &quot;Open Sans&quot;, &quot;Helvetica Neue&quot;, Helvetica, Arial, &quot;Hiragino Sans GB&quot;, &quot;Microsoft YaHei&quot;, , STHeiti, &quot;WenQuanYi Micro Hei&quot;, SimSun, sans-serif; color: rgb(51, 51, 51); font-size: 16px; white-space-collapse: break-spaces;\"><span style=\"color: rgb(51, 51, 51); font-family: &quot;Source Sans Pro&quot;, &quot;Open Sans&quot;, &quot;Helvetica Neue&quot;, Helvetica, Arial, &quot;Hiragino Sans GB&quot;, &quot;Microsoft YaHei&quot;, , STHeiti, &quot;WenQuanYi Micro Hei&quot;, SimSun, sans-serif; font-size: 16px; white-space-collapse: break-spaces;\">Rechargeable by charging case for 4 cycles</span><br style=\"font-family: &quot;Source Sans Pro&quot;, &quot;Open Sans&quot;, &quot;Helvetica Neue&quot;, Helvetica, Arial, &quot;Hiragino Sans GB&quot;, &quot;Microsoft YaHei&quot;, , STHeiti, &quot;WenQuanYi Micro Hei&quot;, SimSun, sans-serif; color: rgb(51, 51, 51); font-size: 16px; white-space-collapse: break-spaces;\"><span style=\"color: rgb(51, 51, 51); font-family: &quot;Source Sans Pro&quot;, &quot;Open Sans&quot;, &quot;Helvetica Neue&quot;, Helvetica, Arial, &quot;Hiragino Sans GB&quot;, &quot;Microsoft YaHei&quot;, , STHeiti, &quot;WenQuanYi Micro Hei&quot;, SimSun, sans-serif; font-size: 16px; white-space-collapse: break-spaces;\">IPX4 sweat proof suitable for sports</span><br></div>', '6 months', NULL, NULL, NULL, NULL, NULL, '2024-08-19 07:55:42', '2024-08-19 08:14:35'),
(14, 14, NULL, NULL, '<div><span style=\"color: rgb(4, 71, 103); font-family: Quicksand, -apple-system, BlinkMacSystemFont, &quot;Segoe UI&quot;, Roboto, &quot;Helvetica Neue&quot;, Arial, sans-serif, &quot;Apple Color Emoji&quot;, &quot;Segoe UI Emoji&quot;, &quot;Segoe UI Symbol&quot;; font-size: 14.4px;\">1.&nbsp;&nbsp; &nbsp;6mm drive units, in ear earphones for clear sound and deep bass</span><br style=\"color: rgb(4, 71, 103); font-family: Quicksand, -apple-system, BlinkMacSystemFont, &quot;Segoe UI&quot;, Roboto, &quot;Helvetica Neue&quot;, Arial, sans-serif, &quot;Apple Color Emoji&quot;, &quot;Segoe UI Emoji&quot;, &quot;Segoe UI Symbol&quot;; font-size: 14.4px;\"><span style=\"color: rgb(4, 71, 103); font-family: Quicksand, -apple-system, BlinkMacSystemFont, &quot;Segoe UI&quot;, Roboto, &quot;Helvetica Neue&quot;, Arial, sans-serif, &quot;Apple Color Emoji&quot;, &quot;Segoe UI Emoji&quot;, &quot;Segoe UI Symbol&quot;; font-size: 14.4px;\">2.&nbsp;&nbsp; &nbsp;Two playing modes, music mode and low latency gaming mode</span><br style=\"color: rgb(4, 71, 103); font-family: Quicksand, -apple-system, BlinkMacSystemFont, &quot;Segoe UI&quot;, Roboto, &quot;Helvetica Neue&quot;, Arial, sans-serif, &quot;Apple Color Emoji&quot;, &quot;Segoe UI Emoji&quot;, &quot;Segoe UI Symbol&quot;; font-size: 14.4px;\"><span style=\"color: rgb(4, 71, 103); font-family: Quicksand, -apple-system, BlinkMacSystemFont, &quot;Segoe UI&quot;, Roboto, &quot;Helvetica Neue&quot;, Arial, sans-serif, &quot;Apple Color Emoji&quot;, &quot;Segoe UI Emoji&quot;, &quot;Segoe UI Symbol&quot;; font-size: 14.4px;\">3.&nbsp;&nbsp; &nbsp;Truly wireless, no cables, for ultimate freedom</span><br style=\"color: rgb(4, 71, 103); font-family: Quicksand, -apple-system, BlinkMacSystemFont, &quot;Segoe UI&quot;, Roboto, &quot;Helvetica Neue&quot;, Arial, sans-serif, &quot;Apple Color Emoji&quot;, &quot;Segoe UI Emoji&quot;, &quot;Segoe UI Symbol&quot;; font-size: 14.4px;\"><span style=\"color: rgb(4, 71, 103); font-family: Quicksand, -apple-system, BlinkMacSystemFont, &quot;Segoe UI&quot;, Roboto, &quot;Helvetica Neue&quot;, Arial, sans-serif, &quot;Apple Color Emoji&quot;, &quot;Segoe UI Emoji&quot;, &quot;Segoe UI Symbol&quot;; font-size: 14.4px;\">4.&nbsp;&nbsp; &nbsp;Rechargeable by charging case for 10 cycles</span><br style=\"color: rgb(4, 71, 103); font-family: Quicksand, -apple-system, BlinkMacSystemFont, &quot;Segoe UI&quot;, Roboto, &quot;Helvetica Neue&quot;, Arial, sans-serif, &quot;Apple Color Emoji&quot;, &quot;Segoe UI Emoji&quot;, &quot;Segoe UI Symbol&quot;; font-size: 14.4px;\"><span style=\"color: rgb(4, 71, 103); font-family: Quicksand, -apple-system, BlinkMacSystemFont, &quot;Segoe UI&quot;, Roboto, &quot;Helvetica Neue&quot;, Arial, sans-serif, &quot;Apple Color Emoji&quot;, &quot;Segoe UI Emoji&quot;, &quot;Segoe UI Symbol&quot;; font-size: 14.4px;\">5.&nbsp;&nbsp; &nbsp;Universal fit, compact and portable design, IPX4 sweat proof suitable for sports</span><br style=\"color: rgb(4, 71, 103); font-family: Quicksand, -apple-system, BlinkMacSystemFont, &quot;Segoe UI&quot;, Roboto, &quot;Helvetica Neue&quot;, Arial, sans-serif, &quot;Apple Color Emoji&quot;, &quot;Segoe UI Emoji&quot;, &quot;Segoe UI Symbol&quot;; font-size: 14.4px;\"><span style=\"color: rgb(4, 71, 103); font-family: Quicksand, -apple-system, BlinkMacSystemFont, &quot;Segoe UI&quot;, Roboto, &quot;Helvetica Neue&quot;, Arial, sans-serif, &quot;Apple Color Emoji&quot;, &quot;Segoe UI Emoji&quot;, &quot;Segoe UI Symbol&quot;; font-size: 14.4px;\">6 &nbsp;For music and hands-free calling, with built-in HD microphone</span><br style=\"color: rgb(4, 71, 103); font-family: Quicksand, -apple-system, BlinkMacSystemFont, &quot;Segoe UI&quot;, Roboto, &quot;Helvetica Neue&quot;, Arial, sans-serif, &quot;Apple Color Emoji&quot;, &quot;Segoe UI Emoji&quot;, &quot;Segoe UI Symbol&quot;; font-size: 14.4px;\"><span style=\"color: rgb(4, 71, 103); font-family: Quicksand, -apple-system, BlinkMacSystemFont, &quot;Segoe UI&quot;, Roboto, &quot;Helvetica Neue&quot;, Arial, sans-serif, &quot;Apple Color Emoji&quot;, &quot;Segoe UI Emoji&quot;, &quot;Segoe UI Symbol&quot;; font-size: 14.4px;\">7.&nbsp;&nbsp; &nbsp;Hall switch, automatically paired and connected to mobile phone when opening the charging case cover</span><br style=\"color: rgb(4, 71, 103); font-family: Quicksand, -apple-system, BlinkMacSystemFont, &quot;Segoe UI&quot;, Roboto, &quot;Helvetica Neue&quot;, Arial, sans-serif, &quot;Apple Color Emoji&quot;, &quot;Segoe UI Emoji&quot;, &quot;Segoe UI Symbol&quot;; font-size: 14.4px;\"><span style=\"color: rgb(4, 71, 103); font-family: Quicksand, -apple-system, BlinkMacSystemFont, &quot;Segoe UI&quot;, Roboto, &quot;Helvetica Neue&quot;, Arial, sans-serif, &quot;Apple Color Emoji&quot;, &quot;Segoe UI Emoji&quot;, &quot;Segoe UI Symbol&quot;; font-size: 14.4px;\">8.&nbsp;&nbsp; &nbsp;Integrated call pickup, volume &amp; media buttons by touch control, support voice assistant</span><br style=\"color: rgb(4, 71, 103); font-family: Quicksand, -apple-system, BlinkMacSystemFont, &quot;Segoe UI&quot;, Roboto, &quot;Helvetica Neue&quot;, Arial, sans-serif, &quot;Apple Color Emoji&quot;, &quot;Segoe UI Emoji&quot;, &quot;Segoe UI Symbol&quot;; font-size: 14.4px;\"><span style=\"color: rgb(4, 71, 103); font-family: Quicksand, -apple-system, BlinkMacSystemFont, &quot;Segoe UI&quot;, Roboto, &quot;Helvetica Neue&quot;, Arial, sans-serif, &quot;Apple Color Emoji&quot;, &quot;Segoe UI Emoji&quot;, &quot;Segoe UI Symbol&quot;; font-size: 14.4px;\">9.&nbsp;&nbsp; &nbsp;Intelligent power saving</span><br style=\"color: rgb(4, 71, 103); font-family: Quicksand, -apple-system, BlinkMacSystemFont, &quot;Segoe UI&quot;, Roboto, &quot;Helvetica Neue&quot;, Arial, sans-serif, &quot;Apple Color Emoji&quot;, &quot;Segoe UI Emoji&quot;, &quot;Segoe UI Symbol&quot;; font-size: 14.4px;\"><span style=\"color: rgb(4, 71, 103); font-family: Quicksand, -apple-system, BlinkMacSystemFont, &quot;Segoe UI&quot;, Roboto, &quot;Helvetica Neue&quot;, Arial, sans-serif, &quot;Apple Color Emoji&quot;, &quot;Segoe UI Emoji&quot;, &quot;Segoe UI Symbol&quot;; font-size: 14.4px;\">10.&nbsp;&nbsp; &nbsp;Compatible with mobile phones, tablets/laptops, smart TV/smart TV boxes, etc</span><br style=\"color: rgb(4, 71, 103); font-family: Quicksand, -apple-system, BlinkMacSystemFont, &quot;Segoe UI&quot;, Roboto, &quot;Helvetica Neue&quot;, Arial, sans-serif, &quot;Apple Color Emoji&quot;, &quot;Segoe UI Emoji&quot;, &quot;Segoe UI Symbol&quot;; font-size: 14.4px;\"><span style=\"color: rgb(4, 71, 103); font-family: Quicksand, -apple-system, BlinkMacSystemFont, &quot;Segoe UI&quot;, Roboto, &quot;Helvetica Neue&quot;, Arial, sans-serif, &quot;Apple Color Emoji&quot;, &quot;Segoe UI Emoji&quot;, &quot;Segoe UI Symbol&quot;; font-size: 14.4px;\">11.&nbsp;&nbsp; &nbsp;Glowing touch panel</span><br style=\"color: rgb(4, 71, 103); font-family: Quicksand, -apple-system, BlinkMacSystemFont, &quot;Segoe UI&quot;, Roboto, &quot;Helvetica Neue&quot;, Arial, sans-serif, &quot;Apple Color Emoji&quot;, &quot;Segoe UI Emoji&quot;, &quot;Segoe UI Symbol&quot;; font-size: 14.4px;\"><span style=\"color: rgb(4, 71, 103); font-family: Quicksand, -apple-system, BlinkMacSystemFont, &quot;Segoe UI&quot;, Roboto, &quot;Helvetica Neue&quot;, Arial, sans-serif, &quot;Apple Color Emoji&quot;, &quot;Segoe UI Emoji&quot;, &quot;Segoe UI Symbol&quot;; font-size: 14.4px;\">Accessories:&nbsp;</span><br style=\"color: rgb(4, 71, 103); font-family: Quicksand, -apple-system, BlinkMacSystemFont, &quot;Segoe UI&quot;, Roboto, &quot;Helvetica Neue&quot;, Arial, sans-serif, &quot;Apple Color Emoji&quot;, &quot;Segoe UI Emoji&quot;, &quot;Segoe UI Symbol&quot;; font-size: 14.4px;\"><span style=\"color: rgb(4, 71, 103); font-family: Quicksand, -apple-system, BlinkMacSystemFont, &quot;Segoe UI&quot;, Roboto, &quot;Helvetica Neue&quot;, Arial, sans-serif, &quot;Apple Color Emoji&quot;, &quot;Segoe UI Emoji&quot;, &quot;Segoe UI Symbol&quot;; font-size: 14.4px;\">manual, charging case, Type-C charging cable,&nbsp;silicone ear buds*3 pairs</span><br></div><div><span style=\"color: rgb(4, 71, 103); font-family: Quicksand, -apple-system, BlinkMacSystemFont, &quot;Segoe UI&quot;, Roboto, &quot;Helvetica Neue&quot;, Arial, sans-serif, &quot;Apple Color Emoji&quot;, &quot;Segoe UI Emoji&quot;, &quot;Segoe UI Symbol&quot;; font-size: 14.4px;\"><br></span></div><div><div class=\"col-12 mt-4\" style=\"width: 832.438px; padding-right: 15px; padding-left: 15px; color: rgb(4, 71, 103); font-family: Quicksand, -apple-system, BlinkMacSystemFont, &quot;Segoe UI&quot;, Roboto, &quot;Helvetica Neue&quot;, Arial, sans-serif, &quot;Apple Color Emoji&quot;, &quot;Segoe UI Emoji&quot;, &quot;Segoe UI Symbol&quot;; font-size: 14.4px; margin-top: 1.5rem !important;\"><h4 style=\"margin-bottom: 0.5rem; line-height: 1.2; font-size: 1.35rem;\">Specifications</h4></div><div class=\"col-12 specification\" style=\"width: 832.438px; padding-right: 15px; padding-left: 15px; color: rgb(4, 71, 103); font-family: Quicksand, -apple-system, BlinkMacSystemFont, &quot;Segoe UI&quot;, Roboto, &quot;Helvetica Neue&quot;, Arial, sans-serif, &quot;Apple Color Emoji&quot;, &quot;Segoe UI Emoji&quot;, &quot;Segoe UI Symbol&quot;; font-size: 14.4px;\"><div>&nbsp;&nbsp; &nbsp;Bluetooth version: V5.0<br>&nbsp;&nbsp; &nbsp;Bluetooth chipset: ATS3009<br>&nbsp;&nbsp; &nbsp;Bluetooth profiles: A2DPAVRCPHSPHFP<br>&nbsp;&nbsp; &nbsp;Bluetooth distance: 10M<br>&nbsp;&nbsp; &nbsp;Ear bud battery: DC 3.7V, 40mAh x 2<br>&nbsp;&nbsp; &nbsp;Ear bud charging time: 1.5H<br>&nbsp;&nbsp; &nbsp;Ear bud play time(80% volume): about 4 hours<br>&nbsp;&nbsp; &nbsp;Charging case battery: 1000mAh, 10 cycles<br>&nbsp;&nbsp; &nbsp;Charging case charging time: about 2H<br>&nbsp;&nbsp; &nbsp;Charging case input: DC 4.65.5V, 850mA</div></div></div>', '6months', NULL, NULL, NULL, NULL, NULL, '2024-08-19 08:08:10', '2024-08-19 08:08:10'),
(15, 15, NULL, NULL, '<div><h1 id=\"title\" class=\"a-size-large a-spacing-none\" style=\"text-rendering: optimizelegibility; color: rgb(15, 17, 17); font-family: Arial, sans-serif; margin-bottom: 0px !important; font-size: 24px !important; line-height: 32px !important;\"><span id=\"productTitle\" class=\"a-size-large product-title-word-break\" style=\"text-rendering: optimizelegibility; word-break: break-word; line-height: 32px !important;\">Skullcandy Rail In-Ear Wireless Earbuds, 42 Hr Battery, Skull-iQ, Alexa Enabled, Microphone, Works with iPhone Android and Bluetooth Devices - Black</span></h1></div><div><span class=\"a-size-large product-title-word-break\" style=\"text-rendering: optimizelegibility; word-break: break-word; line-height: 32px !important;\"><br></span></div><div><span class=\"a-size-large product-title-word-break\" style=\"text-rendering: optimizelegibility; word-break: break-word; line-height: 32px !important;\"><ul class=\"a-unordered-list a-vertical a-spacing-mini\" style=\"margin: 0px 0px 0px 18px; color: rgb(15, 17, 17); font-family: Arial, sans-serif;\"><li class=\"a-spacing-mini\" style=\"list-style: disc; overflow-wrap: break-word;\"><span class=\"a-list-item\">Latest Sound Tech - The Rail is Skullcandy\'s latest premium earbuds featuring our best driver yet with deep bass and a huge dynamic range. Plus, Personal Sound lets you tune the sound to your unique hearing through the Skull-iQ App.</span></li><li class=\"a-spacing-mini\" style=\"list-style: disc; overflow-wrap: break-word;\"><span class=\"a-list-item\">42 Hours of Power - With Rail, you can experience longer-lasting listening sessions without worry. Enjoy wireless freedom with 33 hours of power in the case and 9 hours in the earbuds.</span></li><li class=\"a-spacing-mini\" style=\"list-style: disc; overflow-wrap: break-word;\"><span class=\"a-list-item\">Skull-iQ integration allowing you to customize your sound and control your earbuds. With the app, you can adjust the EQ settings, track battery life, and activate Tile, which helps you locate your lost earbuds.</span></li><li class=\"a-spacing-mini\" style=\"list-style: disc; overflow-wrap: break-word;\"><span class=\"a-list-item\">Multipoint Pairing lets you connect your earbuds to two devices simultaneously  Rail will switch between devices seamlessly without the need to re-pair.</span></li><li class=\"a-spacing-mini\" style=\"list-style: disc; overflow-wrap: break-word;\"><span class=\"a-list-item\">Buy with Confidence - 1 year UK warranty included.</span></li></ul></span></div>', '1 Year', NULL, NULL, NULL, NULL, NULL, '2024-08-19 08:34:13', '2024-08-19 08:36:56');
INSERT INTO `product_infos` (`id`, `product_id`, `product_size`, `short_descp`, `long_descp`, `warranty`, `url`, `new`, `hot`, `sale`, `best_sale`, `created_at`, `updated_at`) VALUES
(16, 16, NULL, NULL, '<div><h1 id=\"title\" class=\"a-size-large a-spacing-none\" style=\"text-rendering: optimizelegibility; color: rgb(15, 17, 17); font-family: &quot;Amazon Ember&quot;, Arial, sans-serif; margin-bottom: 0px !important; font-size: 24px !important; line-height: 32px !important;\"><span id=\"productTitle\" class=\"a-size-large product-title-word-break\" style=\"text-rendering: optimizelegibility; word-break: break-word; line-height: 32px !important;\">Skullcandy Smokin\' Buds In-Ear Wireless Earbuds, 20 Hr Battery, 50% Renewable Plastics, Microphone, Works with iPhone Android and Bluetooth Devices - Black</span></h1></div><div><span class=\"a-size-large product-title-word-break\" style=\"text-rendering: optimizelegibility; word-break: break-word; line-height: 32px !important;\"><br></span></div><div><span class=\"a-size-large product-title-word-break\" style=\"text-rendering: optimizelegibility; word-break: break-word; line-height: 32px !important;\"><div id=\"featurebullets_feature_div\" class=\"celwidget\" data-feature-name=\"featurebullets\" data-csa-c-type=\"widget\" data-csa-c-content-id=\"featurebullets\" data-csa-c-slot-id=\"featurebullets_feature_div\" data-csa-c-asin=\"B0C2F5KD26\" data-csa-c-is-in-initial-active-row=\"false\" data-csa-c-id=\"rowhz7-ku0pkl-2l2gqr-e1cise\" data-cel-widget=\"featurebullets_feature_div\" style=\"color: rgb(15, 17, 17); font-family: &quot;Amazon Ember&quot;, Arial, sans-serif;\"><div id=\"feature-bullets\" class=\"a-section a-spacing-medium a-spacing-top-small\" style=\"margin-top: 8px !important;\"><ul class=\"a-unordered-list a-vertical a-spacing-mini\" style=\"margin: 0px 0px 0px 18px;\"><li class=\"a-spacing-mini\" style=\"list-style: disc; overflow-wrap: break-word;\"><span class=\"a-list-item\">Supreme Audio - workout, relax, skate listening favorite tunes. Hear every beat of your music and let the bass blow UP. We put a mic in each bud allowing you to have 1 bud in and leave the other in the case, call and hear outside sound at the same time</span></li><li class=\"a-spacing-mini\" style=\"list-style: disc; overflow-wrap: break-word;\"><span class=\"a-list-item\">50% Renewable Plastic - Smokin Buds are made with up to 50% renewable plastics and every Skullcandy product uses 100% recyclable packaging. Renewable plastics are made from biobased or biodegradable materials and can be reused or recycled.</span></li><li class=\"a-spacing-mini\" style=\"list-style: disc; overflow-wrap: break-word;\"><span class=\"a-list-item\">20 Hour Battery - with an incredible 20 hours of battery to keep your Smokin Buds powered. The earbuds hold 8 hours and the charging case holds 12 hours. Plus, using rapid charge, the first 10 minutes of your charge will give you 2 hours of play.</span></li><li class=\"a-spacing-mini\" style=\"list-style: disc; overflow-wrap: break-word;\"><span class=\"a-list-item\">Super comfort - Smokin\' Buds really are the pinnacle of comfort in earbuds, they are lightweight, thin and come with 3 ear gel tips so they fit YOU. The eargel tips are made from a soft rubber to keep outside noise outside.</span></li><li class=\"a-spacing-mini\" style=\"list-style: disc; overflow-wrap: break-word;\"><span class=\"a-list-item\">Buy With Confidence - with the Smokin\' Buds, whether you\'re an adult or child be sure to wear your earbuds in full confidence.</span></li></ul></div></div><div id=\"acf-carousel_feature_div\" class=\"celwidget\" data-feature-name=\"acf-carousel\" data-csa-c-type=\"widget\" data-csa-c-content-id=\"acf-carousel\" data-csa-c-slot-id=\"acf-carousel_feature_div\" data-csa-c-asin=\"B0C2F5KD26\" data-csa-c-is-in-initial-active-row=\"false\" data-csa-c-id=\"jf4p32-3mshsb-xy5oka-y30isc\" data-cel-widget=\"acf-carousel_feature_div\" style=\"color: rgb(15, 17, 17); font-family: &quot;Amazon Ember&quot;, Arial, sans-serif;\"></div><div id=\"provenanceCertifications_feature_div\" class=\"celwidget\" data-feature-name=\"provenanceCertifications\" data-csa-c-type=\"widget\" data-csa-c-content-id=\"provenanceCertifications\" data-csa-c-slot-id=\"provenanceCertifications_feature_div\" data-csa-c-asin=\"B0C2F5KD26\" data-csa-c-is-in-initial-active-row=\"false\" data-csa-c-id=\"1day2h-7p5ney-otxv91-ri2xtp\" data-cel-widget=\"provenanceCertifications_feature_div\" style=\"color: rgb(15, 17, 17); font-family: &quot;Amazon Ember&quot;, Arial, sans-serif;\"></div><div id=\"handmadeArtisanCard_feature_div\" class=\"celwidget\" data-feature-name=\"handmadeArtisanCard\" data-csa-c-type=\"widget\" data-csa-c-content-id=\"handmadeArtisanCard\" data-csa-c-slot-id=\"handmadeArtisanCard_feature_div\" data-csa-c-asin=\"B0C2F5KD26\" data-csa-c-is-in-initial-active-row=\"false\" data-csa-c-id=\"h9nvuw-ct1gyh-5q7y15-zfaetl\" data-cel-widget=\"handmadeArtisanCard_feature_div\" style=\"color: rgb(15, 17, 17); font-family: &quot;Amazon Ember&quot;, Arial, sans-serif;\"></div><div id=\"billOfMaterial_feature_div\" class=\"celwidget\" data-feature-name=\"billOfMaterial\" data-csa-c-type=\"widget\" data-csa-c-content-id=\"billOfMaterial\" data-csa-c-slot-id=\"billOfMaterial_feature_div\" data-csa-c-asin=\"B0C2F5KD26\" data-csa-c-is-in-initial-active-row=\"false\" data-csa-c-id=\"ikttg3-5isdb1-qd6bdn-tzow8z\" data-cel-widget=\"billOfMaterial_feature_div\" style=\"color: rgb(15, 17, 17); font-family: &quot;Amazon Ember&quot;, Arial, sans-serif;\"></div><div id=\"globalStoreInfoBullets_feature_div\" class=\"celwidget\" data-feature-name=\"globalStoreInfoBullets\" data-csa-c-type=\"widget\" data-csa-c-content-id=\"globalStoreInfoBullets\" data-csa-c-slot-id=\"globalStoreInfoBullets_feature_div\" data-csa-c-asin=\"B0C2F5KD26\" data-csa-c-is-in-initial-active-row=\"false\" data-csa-c-id=\"ytrqea-53iins-jmix5g-j25m8x\" data-cel-widget=\"globalStoreInfoBullets_feature_div\" style=\"color: rgb(15, 17, 17); font-family: &quot;Amazon Ember&quot;, Arial, sans-serif;\"></div><div id=\"addOnItem_feature_div\" class=\"celwidget\" data-feature-name=\"addOnItem\" data-csa-c-type=\"widget\" data-csa-c-content-id=\"addOnItem\" data-csa-c-slot-id=\"addOnItem_feature_div\" data-csa-c-asin=\"B0C2F5KD26\" data-csa-c-is-in-initial-active-row=\"false\" data-csa-c-id=\"hg43g9-vk92p6-rc5dic-93xs4a\" data-cel-widget=\"addOnItem_feature_div\" style=\"color: rgb(15, 17, 17); font-family: &quot;Amazon Ember&quot;, Arial, sans-serif;\"></div><div id=\"giftcard-holiday-availability-messaging_feature_div\" class=\"celwidget\" data-feature-name=\"giftCardHolidayAvailabilityMessaging\" data-csa-c-type=\"widget\" data-csa-c-content-id=\"giftCardHolidayAvailabilityMessaging\" data-csa-c-slot-id=\"giftcard-holiday-availability-messaging_feature_div\" data-csa-c-asin=\"B0C2F5KD26\" data-csa-c-is-in-initial-active-row=\"false\" data-csa-c-id=\"lpjx7s-eqgcdz-u5i4v-a1r6ec\" data-cel-widget=\"giftcard-holiday-availability-messaging_feature_div\" style=\"color: rgb(15, 17, 17); font-family: &quot;Amazon Ember&quot;, Arial, sans-serif;\"></div><div id=\"andonCord_feature_div\" class=\"celwidget\" data-feature-name=\"andonCord\" data-csa-c-type=\"widget\" data-csa-c-content-id=\"andonCord\" data-csa-c-slot-id=\"andonCord_feature_div\" data-csa-c-asin=\"B0C2F5KD26\" data-csa-c-is-in-initial-active-row=\"false\" data-csa-c-id=\"t7rwym-hhvjtm-v46gmq-u88w1z\" data-cel-widget=\"andonCord_feature_div\" style=\"color: rgb(15, 17, 17); font-family: &quot;Amazon Ember&quot;, Arial, sans-serif;\"></div><div id=\"olp_feature_div\" class=\"celwidget\" data-feature-name=\"olp\" data-csa-c-type=\"widget\" data-csa-c-content-id=\"olp\" data-csa-c-slot-id=\"olp_feature_div\" data-csa-c-asin=\"B0C2F5KD26\" data-csa-c-is-in-initial-active-row=\"false\" data-csa-c-id=\"et6tzn-jja2wv-7704bb-ud1oyh\" data-cel-widget=\"olp_feature_div\" style=\"color: rgb(15, 17, 17); font-family: &quot;Amazon Ember&quot;, Arial, sans-serif;\"><div id=\"all-offers-display\" class=\"a-section\" style=\"position: fixed; right: -620px; width: 602px; bottom: 0px; z-index: 290; background-color: rgb(249, 251, 251); border-width: 0px; top: 0px; box-shadow: rgba(0, 0, 0, 0.25) -4px 0px 5px; text-align: initial; font-size: 13px; color: rgb(17, 17, 17); overflow: visible !important;\"><br></div><span class=\"a-declarative\" data-action=\"close-all-offers-display\" data-csa-c-type=\"widget\" data-csa-c-func-deps=\"aui-da-close-all-offers-display\" data-close-all-offers-display=\"{}\" data-csa-c-id=\"hpibkf-dqfnqr-bi5uwi-emky8r\"></span></div></span></div>', '1 Year', NULL, NULL, NULL, NULL, NULL, '2024-08-19 08:48:47', '2024-08-19 08:48:47'),
(17, 17, NULL, NULL, '<div><ul style=\"margin: 0px; list-style-type: disc; color: rgb(111, 111, 111); font-family: -apple-system, BlinkMacSystemFont, &quot;Segoe UI&quot;, Roboto, Oxygen, Ubuntu, Cantarell, &quot;Open Sans&quot;, &quot;Helvetica Neue&quot;, sans-serif; letter-spacing: 0.5px;\"><li style=\"margin: 10px;\">Maximum load capacity&nbsp;6 kg.</li><li style=\"margin: 10px;\">Maximum height 1800mm (5.90 feet).</li><li style=\"margin: 10px;\">Bubblehead to adjust horizontal position. A number of Leg Sections: 3. Independent Leg Spread: Yes.</li><li style=\"margin: 10px;\">Ball head includes.</li><li style=\"margin: 10px;\">Country of Origin: China</li></ul></div>', NULL, NULL, NULL, NULL, NULL, NULL, '2024-08-19 09:08:49', '2024-08-19 09:08:49'),
(19, 19, NULL, NULL, '<div><ul style=\"margin: 0px; list-style-type: disc; color: rgb(111, 111, 111); font-family: -apple-system, BlinkMacSystemFont, &quot;Segoe UI&quot;, Roboto, Oxygen, Ubuntu, Cantarell, &quot;Open Sans&quot;, &quot;Helvetica Neue&quot;, sans-serif; letter-spacing: 0.5px;\"><li style=\"margin: 10px;\">Comes with a Yoke and a 5/8\" Receiver that is compatible with most Photographic Light stands</li><li style=\"margin: 10px;\">Digitek Bi Color Continuous AC/DC LED Light DCL 100WBC DC Combo with 18 CM Reflector</li><li style=\"margin: 10px;\">Runs on AC 110-240V AC as well as DC power NP- F Series Batteries (not included) both</li><li style=\"margin: 10px;\">Customer helpline Toll-Free number 1800-123-544-444 with 12 lines to assist customers from morning 10 am to 6.30 pm Monday to Saturday except Govt. Holidays</li><li style=\"margin: 10px;\">What is in the box</li><li style=\"margin: 10px;\">DCL-100WBC DC, Handle, Power Adapter, Reflector, Kit Bag</li></ul></div>', '1 Year', NULL, NULL, NULL, NULL, NULL, '2024-08-19 09:40:40', '2024-08-19 09:41:09'),
(20, 20, NULL, NULL, '<div><ul style=\"margin: 0px; list-style-type: disc; color: rgb(111, 111, 111); font-family: -apple-system, BlinkMacSystemFont, &quot;Segoe UI&quot;, Roboto, Oxygen, Ubuntu, Cantarell, &quot;Open Sans&quot;, &quot;Helvetica Neue&quot;, sans-serif; letter-spacing: 0.5px;\"><li style=\"margin: 10px;\">Digitek BI Color continuous LED Photo/Video Light DCL-150 WBC, a Unique Modern Mellifluous tool to design, cater the Photographers aethetic idea suitable for all kinds of small production Photography/Power saving &amp; Environment Protection. Long working life.</li><li style=\"margin: 10px;\">New Green High-Tech production. non-deformation, non-Breakage, can adjust brightness or darken as required. suitable for meeting rooms, small studio, news studio, advertising company, small productions and peoples photography.</li><li style=\"margin: 10px;\">Made of High-Strength Aluminum Alloy and durable Engineering Plastic Outer Case. The mounting is also individual designed, which looks beautiful, fashionable in style.</li><li style=\"margin: 10px;\">It has latest strong Anti-jamming CPU, which makes the circuit /structure more simple &amp; reasonable. Also controlling statistics stable and improves the consistency of the whole light., Designed over Heat Protection and High Power cooling fan, which is suitable for wide range voltage.</li></ul></div>', '1 Year', NULL, NULL, NULL, NULL, NULL, '2024-08-19 09:49:44', '2024-08-19 09:49:44'),
(21, 21, NULL, NULL, '<div><ul style=\"margin: 0px; list-style-type: disc; color: rgb(111, 111, 111); font-family: -apple-system, BlinkMacSystemFont, &quot;Segoe UI&quot;, Roboto, Oxygen, Ubuntu, Cantarell, &quot;Open Sans&quot;, &quot;Helvetica Neue&quot;, sans-serif; letter-spacing: 0.5px;\"><li style=\"margin: 10px;\">ULTRA PORTABLE CUM HEAVY DUTY: Made of strong yet lightweight aluminum, the tripod transitions effortlessly from one spot to another and transports easily. This tripod offers a collapsible design where the handle rotates down, the legs contract and everything folds in, creating a short, compact size. The tripod fits neatly into the provided zippered bag for easy portability and safe storage.</li><li style=\"margin: 10px;\">PROFESSIONAL: Capture vivid, professional-style photographs with help from this Digitek DPTR 605 VD Pro Lightweight Tripod. Its a useful camera accessory for both, novice and professional photographers alike, this handy tripod accommodates a wide range of digital, video and still cameras and comes loaded with user-friendly features.</li><li style=\"margin: 10px;\">MULTIPURPOSE QUICK RELEASE HEAD: The tripod\'s quick-release mounting plate makes it easy to remove your camera from the tripod, helping to ensure fast transitions between shots and for quickly moving from location to location.</li><li style=\"margin: 10px;\">2 WAY HEAD WITH ADJUSTABLE PAN: 2 way head allows you to pan and tilt up-and-down with the handy tilt motion. Turn the knobs to secure. This tripod also allows for full panoramic possibilities with its 360-degree swivel function.</li><li style=\"margin: 10px;\">BUBBLE HEAD: This tripod equipped with bubble head, which can detect and adjust the horizontal position of it. When the ground is not level, you can recognize it immediately and adjust the tripod leg to keep level.</li><li style=\"margin: 10px;\">HIGHLY COMPATIBLE: Compatible with most video cameras, digital cameras, still cameras, GoPro devices and scopes.</li></ul></div>', NULL, NULL, NULL, NULL, NULL, NULL, '2024-08-19 10:00:42', '2024-08-19 10:00:42'),
(22, 22, NULL, NULL, '<div><ul style=\"margin: 0px; list-style-type: disc; color: rgb(111, 111, 111); font-family: -apple-system, BlinkMacSystemFont, &quot;Segoe UI&quot;, Roboto, Oxygen, Ubuntu, Cantarell, &quot;Open Sans&quot;, &quot;Helvetica Neue&quot;, sans-serif; letter-spacing: 0.5px;\"><li style=\"margin: 10px;\">Multipurpose head for low level shooting, panning and DV camera</li><li style=\"margin: 10px;\">Bubble head depends upon the ground level and if tried to fix it in an uneven surface definitely bubble head will not work<br></li><li style=\"margin: 10px;\">The product is a light weight Tripod and not compatible for slider. Also this Tripod is for small lens camera only and not for professional photography</li><li style=\"margin: 10px;\">Maximum height: 1510mm (4.95 ft). Mobile holder not included.</li></ul></div>', NULL, NULL, NULL, NULL, NULL, NULL, '2024-08-19 10:14:14', '2024-08-19 10:14:14'),
(23, 23, NULL, NULL, '<div><ul style=\"margin: 0px; list-style-type: disc; color: rgb(111, 111, 111); font-family: -apple-system, BlinkMacSystemFont, &quot;Segoe UI&quot;, Roboto, Oxygen, Ubuntu, Cantarell, &quot;Open Sans&quot;, &quot;Helvetica Neue&quot;, sans-serif; letter-spacing: 0.5px;\"><li style=\"margin: 10px;\">Ultra portable cum heavy duty: Made of strong yet lightweight aluminum, the tripod transitions effortlessly from one spot to another and transports easily. The tripod offers a collapsible design where the handle rotates down, the legs contract and everything folds in, creating a short, compact size. The tripod fits neatly into the provided zippered bag for easy portability and safe storage.</li><li style=\"margin: 10px;\">Professional: Capture vivid, professional-style photographs with help from this Digitek DTR 500 BH Lightweight Tripod. Its a fun and useful camera accessory making your&nbsp;videos comfortable, and professional photographers alike, this handy tripod accommodates a wide range of digital, video and still cameras and comes loaded with user-friendly features on this Tripod stand.</li><li style=\"margin: 10px;\">Bubble head: This camera stand tripod equipped with bubble head, which can detect and adjust the horizontal position of it. When the ground is not level, you can recognize it immediately and adjust the tripod leg to keep level.<br></li><li style=\"margin: 10px;\">Highly compatibility: Compatible with most video cameras, digital cameras, still cameras, GoPro devices, Smartphone adapters and DSLR.</li><li style=\"margin: 10px;\">Recommended max load weight is 7kg for optimal performance</li></ul></div>', NULL, NULL, NULL, NULL, NULL, NULL, '2024-08-19 10:22:24', '2024-08-19 10:22:24'),
(24, 24, NULL, NULL, '<div><ul style=\"margin: 0px; list-style-type: disc; color: rgb(111, 111, 111); font-family: -apple-system, BlinkMacSystemFont, &quot;Segoe UI&quot;, Roboto, Oxygen, Ubuntu, Cantarell, &quot;Open Sans&quot;, &quot;Helvetica Neue&quot;, sans-serif; letter-spacing: 0.5px;\"><li style=\"margin: 10px;\"><span data-mce-fragment=\"1\" style=\"display: inline-block;\">Brand:&nbsp;&nbsp;Digitek</span></li><li style=\"margin: 10px;\"><span data-mce-fragment=\"1\" style=\"display: inline-block;\">Model Name:&nbsp;DM-301</span></li><li style=\"margin: 10px;\"><span data-mce-fragment=\"1\" style=\"display: inline-block;\">Connectivity Technology:&nbsp;USB</span></li><li style=\"margin: 10px;\"><span data-mce-fragment=\"1\" style=\"display: inline-block;\">Special Feature:&nbsp;Stand, Noise Reduction, Runs on Plug-In Power</span></li><li style=\"margin: 10px;\"><span data-mce-fragment=\"1\" style=\"display: inline-block;\">Included Components:&nbsp;Microphone, Joint Coupler, Shock Mount, USB A to USB C Adapter, Microphone Disk Base Holder, Blow Out Prevention Net, 6 Feet USB C to A Cable</span></li><li style=\"margin: 10px;\"><span data-mce-fragment=\"1\" style=\"display: inline-block;\"><table style=\"table-layout: fixed; border-top: 1px solid rgb(221, 221, 221); color: rgb(33, 37, 41); border-bottom: 1px solid rgb(187, 191, 191);\"><tbody><tr style=\"border-bottom-width: 1px; padding: 0.5rem; background-color: var(--bs-table-bg); box-shadow: inset 0 0 0 9999px var(--bs-table-accent-bg);\"><th style=\"text-align: -webkit-match-parent; border-color: rgb(187, 191, 191) rgb(231, 231, 231) rgb(231, 231, 231); background-color: rgb(240, 242, 242); color: rgb(15, 17, 17); font-weight: 400; padding: 7px 14px 6px; vertical-align: top; width: 303.328px;\">Brand</th><td style=\"border-color: rgb(187, 191, 191) rgb(231, 231, 231) rgb(231, 231, 231); padding: 7px 14px 6px; vertical-align: top;\">Digitek</td></tr><tr style=\"border-bottom-width: 1px; padding: 0.5rem; background-color: var(--bs-table-bg); box-shadow: inset 0 0 0 9999px var(--bs-table-accent-bg);\"><th style=\"text-align: -webkit-match-parent; border-color: rgb(187, 191, 191) rgb(231, 231, 231) rgb(231, 231, 231); background-color: rgb(240, 242, 242); color: rgb(15, 17, 17); font-weight: 400; padding: 7px 14px 6px; vertical-align: top; width: 303.328px;\">Manufacturer</th><td style=\"border-color: rgb(187, 191, 191) rgb(231, 231, 231) rgb(231, 231, 231); padding: 7px 14px 6px; vertical-align: top;\">IMS Mercantiles Pvt. Ltd., 1800-123-544-444</td></tr><tr style=\"border-bottom-width: 1px; padding: 0.5rem; background-color: var(--bs-table-bg); box-shadow: inset 0 0 0 9999px var(--bs-table-accent-bg);\"><th style=\"text-align: -webkit-match-parent; border-color: rgb(187, 191, 191) rgb(231, 231, 231) rgb(231, 231, 231); background-color: rgb(240, 242, 242); color: rgb(15, 17, 17); font-weight: 400; padding: 7px 14px 6px; vertical-align: top; width: 303.328px;\">Model</th><td style=\"border-color: rgb(187, 191, 191) rgb(231, 231, 231) rgb(231, 231, 231); padding: 7px 14px 6px; vertical-align: top;\">DM-301</td></tr><tr style=\"border-bottom-width: 1px; padding: 0.5rem; background-color: var(--bs-table-bg); box-shadow: inset 0 0 0 9999px var(--bs-table-accent-bg);\"><th style=\"text-align: -webkit-match-parent; border-color: rgb(187, 191, 191) rgb(231, 231, 231) rgb(231, 231, 231); background-color: rgb(240, 242, 242); color: rgb(15, 17, 17); font-weight: 400; padding: 7px 14px 6px; vertical-align: top; width: 303.328px;\">Model Name</th><td style=\"border-color: rgb(187, 191, 191) rgb(231, 231, 231) rgb(231, 231, 231); padding: 7px 14px 6px; vertical-align: top;\">DM-301</td></tr><tr style=\"border-bottom-width: 1px; padding: 0.5rem; background-color: var(--bs-table-bg); box-shadow: inset 0 0 0 9999px var(--bs-table-accent-bg);\"><th style=\"text-align: -webkit-match-parent; border-color: rgb(187, 191, 191) rgb(231, 231, 231) rgb(231, 231, 231); background-color: rgb(240, 242, 242); color: rgb(15, 17, 17); font-weight: 400; padding: 7px 14px 6px; vertical-align: top; width: 303.328px;\">Product Dimensions</th><td style=\"border-color: rgb(187, 191, 191) rgb(231, 231, 231) rgb(231, 231, 231); padding: 7px 14px 6px; vertical-align: top;\">29 x 17 x 7.5 cm; 800 Grams</td></tr><tr style=\"border-bottom-width: 1px; padding: 0.5rem; background-color: var(--bs-table-bg); box-shadow: inset 0 0 0 9999px var(--bs-table-accent-bg);\"><th style=\"text-align: -webkit-match-parent; border-color: rgb(187, 191, 191) rgb(231, 231, 231) rgb(231, 231, 231); background-color: rgb(240, 242, 242); color: rgb(15, 17, 17); font-weight: 400; padding: 7px 14px 6px; vertical-align: top; width: 303.328px;\">Item model number</th><td style=\"border-color: rgb(187, 191, 191) rgb(231, 231, 231) rgb(231, 231, 231); padding: 7px 14px 6px; vertical-align: top;\">DM-301</td></tr><tr style=\"border-bottom-width: 1px; padding: 0.5rem; background-color: var(--bs-table-bg); box-shadow: inset 0 0 0 9999px var(--bs-table-accent-bg);\"><th style=\"text-align: -webkit-match-parent; border-color: rgb(187, 191, 191) rgb(231, 231, 231) rgb(231, 231, 231); background-color: rgb(240, 242, 242); color: rgb(15, 17, 17); font-weight: 400; padding: 7px 14px 6px; vertical-align: top; width: 303.328px;\">Special Features</th><td style=\"border-color: rgb(187, 191, 191) rgb(231, 231, 231) rgb(231, 231, 231); padding: 7px 14px 6px; vertical-align: top;\">Stand, Noise Reduction, Runs on Plug-In Power</td></tr><tr style=\"border-bottom-width: 1px; padding: 0.5rem; background-color: var(--bs-table-bg); box-shadow: inset 0 0 0 9999px var(--bs-table-accent-bg);\"><th style=\"text-align: -webkit-match-parent; border-color: rgb(187, 191, 191) rgb(231, 231, 231) rgb(231, 231, 231); background-color: rgb(240, 242, 242); color: rgb(15, 17, 17); font-weight: 400; padding: 7px 14px 6px; vertical-align: top; width: 303.328px;\">Mounting Hardware</th><td style=\"border-color: rgb(187, 191, 191) rgb(231, 231, 231) rgb(231, 231, 231); padding: 7px 14px 6px; vertical-align: top;\">Microphone, Joint Coupler, Shock Mount, USB A to USB C Adapter, Microphone Disk Base Holder, Blow Out Prevention Net, 6 Feet USB C to A Cable</td></tr><tr style=\"border-bottom-width: 1px; padding: 0.5rem; background-color: var(--bs-table-bg); box-shadow: inset 0 0 0 9999px var(--bs-table-accent-bg);\"><th style=\"text-align: -webkit-match-parent; border-color: rgb(187, 191, 191) rgb(231, 231, 231) rgb(231, 231, 231); background-color: rgb(240, 242, 242); color: rgb(15, 17, 17); font-weight: 400; padding: 7px 14px 6px; vertical-align: top; width: 303.328px;\">Number of items</th><td style=\"border-color: rgb(187, 191, 191) rgb(231, 231, 231) rgb(231, 231, 231); padding: 7px 14px 6px; vertical-align: top;\">1</td></tr><tr style=\"border-bottom-width: 1px; padding: 0.5rem; background-color: var(--bs-table-bg); box-shadow: inset 0 0 0 9999px var(--bs-table-accent-bg);\"><th style=\"text-align: -webkit-match-parent; border-color: rgb(187, 191, 191) rgb(231, 231, 231) rgb(231, 231, 231); background-color: rgb(240, 242, 242); color: rgb(15, 17, 17); font-weight: 400; padding: 7px 14px 6px; vertical-align: top; width: 303.328px;\">Batteries Required</th><td style=\"border-color: rgb(187, 191, 191) rgb(231, 231, 231) rgb(231, 231, 231); padding: 7px 14px 6px; vertical-align: top;\">No</td></tr><tr style=\"border-bottom-width: 1px; padding: 0.5rem; background-color: var(--bs-table-bg); box-shadow: inset 0 0 0 9999px var(--bs-table-accent-bg);\"><th style=\"text-align: -webkit-match-parent; border-color: rgb(187, 191, 191) rgb(231, 231, 231) rgb(231, 231, 231); background-color: rgb(240, 242, 242); color: rgb(15, 17, 17); font-weight: 400; padding: 7px 14px 6px; vertical-align: top; width: 303.328px;\">Connector Type</th><td style=\"border-color: rgb(187, 191, 191) rgb(231, 231, 231) rgb(231, 231, 231); padding: 7px 14px 6px; vertical-align: top;\">USB</td></tr><tr style=\"border-bottom-width: 1px; padding: 0.5rem; background-color: var(--bs-table-bg); box-shadow: inset 0 0 0 9999px var(--bs-table-accent-bg);\"><th style=\"text-align: -webkit-match-parent; border-color: rgb(187, 191, 191) rgb(231, 231, 231) rgb(231, 231, 231); background-color: rgb(240, 242, 242); color: rgb(15, 17, 17); font-weight: 400; padding: 7px 14px 6px; vertical-align: top; width: 303.328px;\">Manufacturer</th><td style=\"border-color: rgb(187, 191, 191) rgb(231, 231, 231) rgb(231, 231, 231); padding: 7px 14px 6px; vertical-align: top;\">IMS Mercantiles Pvt. Ltd.</td></tr><tr style=\"border-bottom-width: 1px; padding: 0.5rem; background-color: var(--bs-table-bg); box-shadow: inset 0 0 0 9999px var(--bs-table-accent-bg);\"><th style=\"text-align: -webkit-match-parent; border-color: rgb(187, 191, 191) rgb(231, 231, 231) rgb(231, 231, 231); background-color: rgb(240, 242, 242); color: rgb(15, 17, 17); font-weight: 400; padding: 7px 14px 6px; vertical-align: top; width: 303.328px;\">Country of Origin</th><td style=\"border-color: rgb(187, 191, 191) rgb(231, 231, 231) rgb(231, 231, 231); padding: 7px 14px 6px; vertical-align: top;\">China</td></tr><tr style=\"border-bottom-width: 1px; padding: 0.5rem; background-color: var(--bs-table-bg); box-shadow: inset 0 0 0 9999px var(--bs-table-accent-bg);\"><th style=\"text-align: -webkit-match-parent; border-color: rgb(187, 191, 191) rgb(231, 231, 231) rgb(231, 231, 231); background-color: rgb(240, 242, 242); color: rgb(15, 17, 17); font-weight: 400; padding: 7px 14px 6px; vertical-align: top; width: 303.328px;\">Item Weight</th><td style=\"border-color: rgb(187, 191, 191) rgb(231, 231, 231) rgb(231, 231, 231); padding: 7px 14px 6px; vertical-align: top;\">800 g</td></tr></tbody></table></span></li></ul></div>', '1 Year', NULL, NULL, NULL, NULL, NULL, '2024-08-20 03:44:33', '2024-08-20 03:44:33'),
(25, 25, NULL, NULL, '<ul class=\"a-unordered-list a-vertical a-spacing-mini\" data-mce-fragment=\"1\" style=\"margin: 0px; list-style-type: disc; color: rgb(111, 111, 111); font-family: -apple-system, BlinkMacSystemFont, &quot;Segoe UI&quot;, Roboto, Oxygen, Ubuntu, Cantarell, &quot;Open Sans&quot;, &quot;Helvetica Neue&quot;, sans-serif; letter-spacing: 0.5px;\"><li class=\"a-spacing-mini\" data-mce-fragment=\"1\" style=\"margin: 10px;\"><span class=\"a-list-item\" data-mce-fragment=\"1\" style=\"display: inline-block;\">Operating Voltage DC 5V/100mA Power Supply Mode USB / Type-C data Cable for External Power Sensitivity Range -40dB+3dB Frequency Response 30Hz-20Khz Microphone 14mm Capacitive Microphone</span></li><li class=\"a-spacing-mini\" data-mce-fragment=\"1\" style=\"margin: 10px;\"><span class=\"a-list-item\" data-mce-fragment=\"1\" style=\"display: inline-block;\">Sampling Frequency 48khz-192khz Signal to Noise Ratio &gt;70dB Connection Mode USB/TYPE-C Line Length 1.5m Pointing Heart Pointing</span></li><li class=\"a-spacing-mini\" data-mce-fragment=\"1\" style=\"margin: 10px;\"><span class=\"a-list-item\" data-mce-fragment=\"1\" style=\"display: inline-block;\">Plug and Play : Compatible with Mac, PS4/5 and Windows PC Computer, Laptop that has USB-A or USB-C port. No extra driver is required.</span></li><li class=\"a-spacing-mini\" data-mce-fragment=\"1\" style=\"margin: 10px;\"><span class=\"a-list-item\" data-mce-fragment=\"1\" style=\"display: inline-block;\">The 6ft-long detachable USB cable can extend from the back of computer host to your gaming USB microphone body without restriction.</span></li><li class=\"a-spacing-mini\" data-mce-fragment=\"1\" style=\"margin: 10px;\"><span class=\"a-list-item\" data-mce-fragment=\"1\" style=\"display: inline-block;\">Supports sample rates up to 192kHz/24bit, great for Presentations, Zoom Meetings, Podcasts, Recordings, Skype, YouTube, Instant Messaging, Gaming and Streaming.</span></li><li class=\"a-spacing-mini\" data-mce-fragment=\"1\" style=\"margin: 10px;\"><span class=\"a-list-item\" data-mce-fragment=\"1\" style=\"display: inline-block;\">Noise Cancelling Accessories Rubber Elastic Bands are firmly clamped on the Shock Mount, which will reduce vibration noise caused by keyboard knocking and clicking the mouse.</span></li><li class=\"a-spacing-mini\" data-mce-fragment=\"1\" style=\"margin: 10px;\"><span class=\"a-list-item\" data-mce-fragment=\"1\" style=\"display: inline-block;\">Detachable POP filter tightly clipped on Microphone, eliminate POPS sound produced by your exciting words during game.</span></li><li class=\"a-spacing-mini\" data-mce-fragment=\"1\" style=\"margin: 10px;\"><span class=\"a-list-item\" data-mce-fragment=\"1\" style=\"display: inline-block;\">Easy to Reach Gain Knob: Easily adjust sensitivity by turning the bottom knob.</span></li></ul>', '1 Year', NULL, NULL, NULL, NULL, NULL, '2024-08-20 03:49:28', '2024-08-20 03:49:28'),
(26, 26, NULL, NULL, '<div><ul style=\"margin: 0px; list-style-type: disc; color: rgb(111, 111, 111); font-family: -apple-system, BlinkMacSystemFont, &quot;Segoe UI&quot;, Roboto, Oxygen, Ubuntu, Cantarell, &quot;Open Sans&quot;, &quot;Helvetica Neue&quot;, sans-serif; letter-spacing: 0.5px;\"><li style=\"margin: 10px;\"><div>idle range compatibility with Smartphone / Camcorder / Digital DSLR Camera with 3.5mm Microphone input Socket &amp; Hotshoe.</div></li><li style=\"margin: 10px;\"><div>A Slim body Wireless Interview Microphone Allows for extensive application in meeting, interview, recording and so on, very practical.</div></li><li style=\"margin: 10px;\"><div>With Anti-Wind Foam to Eliminate Noise</div></li><li style=\"margin: 10px;\"><div>Sensitivity : Short Range -45db Long Range -38db</div></li><li style=\"margin: 10px;\"><div>Power Supply : DC1.5V (1 AA Battery, not include)</div></li><li style=\"margin: 10px;\"><div>What is in the box?</div></li><li style=\"margin: 10px;\"><div>Microphone</div></li><li style=\"margin: 10px;\"><div>Waterproof Sponge Cover</div></li><li style=\"margin: 10px;\"><div>5 Meter Audio Cable</div></li><li style=\"margin: 10px;\"><div>Hot shoe Clip</div></li><li style=\"margin: 10px;\"><div>Spiral Clip</div></li><li style=\"margin: 10px;\"><div>Transfer Head</div></li></ul></div>', '1 Year', NULL, NULL, NULL, NULL, NULL, '2024-08-20 03:56:55', '2024-08-20 03:56:55'),
(27, 27, NULL, NULL, '<div><table id=\"productDetails_techSpec_section_1\" class=\"a-keyvalue prodDetTable\" role=\"presentation\" data-mce-fragment=\"1\" style=\"-webkit-font-smoothing: antialiased; --table-spacing: 16px; width: 926.391px; color: rgb(0, 0, 0); font-family: Zurich, sans-serif; font-size: 17px;\"><tbody data-mce-fragment=\"1\" style=\"-webkit-font-smoothing: antialiased;\"><tr data-mce-fragment=\"1\" style=\"-webkit-font-smoothing: antialiased;\"><th class=\"a-color-secondary a-size-base prodDetSectionEntry\" data-mce-fragment=\"1\" style=\"-webkit-font-smoothing: antialiased; padding-top: 0px; padding-right: var(--table-spacing); padding-bottom: 15px; padding-left: 0px; border-bottom: 1px solid rgb(var(--border-color)); text-align: left;\">Manufacturer</th><td class=\"a-size-base prodDetAttrValue\" data-mce-fragment=\"1\" style=\"-webkit-font-smoothing: antialiased; padding-right: 0px; padding-bottom: 0px;\">Maono Technology Inc.</td></tr><tr data-mce-fragment=\"1\" style=\"-webkit-font-smoothing: antialiased;\"><th class=\"a-color-secondary a-size-base prodDetSectionEntry\" data-mce-fragment=\"1\" style=\"-webkit-font-smoothing: antialiased; padding-top: 0px; padding-right: var(--table-spacing); padding-bottom: 15px; padding-left: 0px; border-bottom: 1px solid rgb(var(--border-color)); text-align: left;\">Model</th><td class=\"a-size-base prodDetAttrValue\" data-mce-fragment=\"1\" style=\"-webkit-font-smoothing: antialiased; padding-right: 0px; padding-bottom: 0px;\">AU-A04E</td></tr><tr data-mce-fragment=\"1\" style=\"-webkit-font-smoothing: antialiased;\"><th class=\"a-color-secondary a-size-base prodDetSectionEntry\" data-mce-fragment=\"1\" style=\"-webkit-font-smoothing: antialiased; padding-top: 0px; padding-right: var(--table-spacing); padding-bottom: 15px; padding-left: 0px; border-bottom: 1px solid rgb(var(--border-color)); text-align: left;\">Product Dimensions</th><td class=\"a-size-base prodDetAttrValue\" data-mce-fragment=\"1\" style=\"-webkit-font-smoothing: antialiased; padding-right: 0px; padding-bottom: 0px;\">44 x 21 x 9 cm; 1.47 Kilograms</td></tr><tr data-mce-fragment=\"1\" style=\"-webkit-font-smoothing: antialiased;\"><th class=\"a-color-secondary a-size-base prodDetSectionEntry\" data-mce-fragment=\"1\" style=\"-webkit-font-smoothing: antialiased; padding-top: 0px; padding-right: var(--table-spacing); padding-bottom: 15px; padding-left: 0px; border-bottom: 1px solid rgb(var(--border-color)); text-align: left;\">Item model number</th><td class=\"a-size-base prodDetAttrValue\" data-mce-fragment=\"1\" style=\"-webkit-font-smoothing: antialiased; padding-right: 0px; padding-bottom: 0px;\">AU-A04E</td></tr><tr data-mce-fragment=\"1\" style=\"-webkit-font-smoothing: antialiased;\"><th class=\"a-color-secondary a-size-base prodDetSectionEntry\" data-mce-fragment=\"1\" style=\"-webkit-font-smoothing: antialiased; padding-top: 0px; padding-right: var(--table-spacing); padding-bottom: 15px; padding-left: 0px; border-bottom: 1px solid rgb(var(--border-color)); text-align: left;\">Special Features</th><td class=\"a-size-base prodDetAttrValue\" data-mce-fragment=\"1\" style=\"-webkit-font-smoothing: antialiased; padding-right: 0px; padding-bottom: 0px;\">Volume Control</td></tr><tr data-mce-fragment=\"1\" style=\"-webkit-font-smoothing: antialiased;\"><th class=\"a-color-secondary a-size-base prodDetSectionEntry\" data-mce-fragment=\"1\" style=\"-webkit-font-smoothing: antialiased; padding-top: 0px; padding-right: var(--table-spacing); padding-bottom: 15px; padding-left: 0px; border-bottom: 1px solid rgb(var(--border-color)); text-align: left;\">Number of items</th><td class=\"a-size-base prodDetAttrValue\" data-mce-fragment=\"1\" style=\"-webkit-font-smoothing: antialiased; padding-right: 0px; padding-bottom: 0px;\">1</td></tr><tr data-mce-fragment=\"1\" style=\"-webkit-font-smoothing: antialiased;\"><th class=\"a-color-secondary a-size-base prodDetSectionEntry\" data-mce-fragment=\"1\" style=\"-webkit-font-smoothing: antialiased; padding-top: 0px; padding-right: var(--table-spacing); padding-bottom: 15px; padding-left: 0px; border-bottom: 1px solid rgb(var(--border-color)); text-align: left;\">Batteries Included</th><td class=\"a-size-base prodDetAttrValue\" data-mce-fragment=\"1\" style=\"-webkit-font-smoothing: antialiased; padding-right: 0px; padding-bottom: 0px;\">No</td></tr><tr data-mce-fragment=\"1\" style=\"-webkit-font-smoothing: antialiased;\"><th class=\"a-color-secondary a-size-base prodDetSectionEntry\" data-mce-fragment=\"1\" style=\"-webkit-font-smoothing: antialiased; padding-top: 0px; padding-right: var(--table-spacing); padding-bottom: 15px; padding-left: 0px; border-bottom: 1px solid rgb(var(--border-color)); text-align: left;\">Batteries Required</th><td class=\"a-size-base prodDetAttrValue\" data-mce-fragment=\"1\" style=\"-webkit-font-smoothing: antialiased; padding-right: 0px; padding-bottom: 0px;\">No</td></tr><tr data-mce-fragment=\"1\" style=\"-webkit-font-smoothing: antialiased;\"><th class=\"a-color-secondary a-size-base prodDetSectionEntry\" data-mce-fragment=\"1\" style=\"-webkit-font-smoothing: antialiased; padding-top: 0px; padding-right: var(--table-spacing); padding-bottom: 15px; padding-left: 0px; border-bottom: 1px solid rgb(var(--border-color)); text-align: left;\">Manufacturer</th><td class=\"a-size-base prodDetAttrValue\" data-mce-fragment=\"1\" style=\"-webkit-font-smoothing: antialiased; padding-right: 0px; padding-bottom: 0px;\">Maono Technology Inc.</td></tr><tr data-mce-fragment=\"1\" style=\"-webkit-font-smoothing: antialiased;\"><th class=\"a-color-secondary a-size-base prodDetSectionEntry\" data-mce-fragment=\"1\" style=\"-webkit-font-smoothing: antialiased; padding-top: 0px; padding-right: var(--table-spacing); padding-bottom: 15px; padding-left: 0px; border-bottom: 1px solid rgb(var(--border-color)); text-align: left;\">Country of Origin</th><td class=\"a-size-base prodDetAttrValue\" data-mce-fragment=\"1\" style=\"-webkit-font-smoothing: antialiased; padding-right: 0px; padding-bottom: 0px;\">China</td></tr><tr data-mce-fragment=\"1\" style=\"-webkit-font-smoothing: antialiased;\"><th class=\"a-color-secondary a-size-base prodDetSectionEntry\" data-mce-fragment=\"1\" style=\"-webkit-font-smoothing: antialiased; padding-top: 0px; padding-right: var(--table-spacing); padding-bottom: 15px; padding-left: 0px; border-bottom: 1px solid rgb(var(--border-color)); text-align: left;\">Item Weight</th><td class=\"a-size-base prodDetAttrValue\" data-mce-fragment=\"1\" style=\"-webkit-font-smoothing: antialiased; padding-right: 0px; padding-bottom: 0px;\">1 kg 470 g</td></tr><tr data-mce-fragment=\"1\" style=\"-webkit-font-smoothing: antialiased;\"><th class=\"a-color-secondary a-size-base prodDetSectionEntry\" data-mce-fragment=\"1\" style=\"-webkit-font-smoothing: antialiased; padding-top: 0px; padding-right: var(--table-spacing); padding-bottom: 15px; padding-left: 0px; border-bottom: 1px solid rgb(var(--border-color)); text-align: left;\">Compatible Devices</th><td class=\"a-size-base prodDetAttrValue\" data-mce-fragment=\"1\" style=\"-webkit-font-smoothing: antialiased; padding-right: 0px; padding-bottom: 0px;\">Gaming Console, Personal Computer, Smartphone</td></tr><tr data-mce-fragment=\"1\" style=\"-webkit-font-smoothing: antialiased;\"><th class=\"a-color-secondary a-size-base prodDetSectionEntry\" data-mce-fragment=\"1\" style=\"-webkit-font-smoothing: antialiased; padding-top: 0px; padding-right: var(--table-spacing); padding-bottom: 15px; padding-left: 0px; border-bottom: 1px solid rgb(var(--border-color)); text-align: left;\">Colour</th><td class=\"a-size-base prodDetAttrValue\" data-mce-fragment=\"1\" style=\"-webkit-font-smoothing: antialiased; padding-right: 0px; padding-bottom: 0px;\">black</td></tr><tr data-mce-fragment=\"1\" style=\"-webkit-font-smoothing: antialiased;\"><th class=\"a-color-secondary a-size-base prodDetSectionEntry\" data-mce-fragment=\"1\" style=\"-webkit-font-smoothing: antialiased; padding-top: 0px; padding-right: var(--table-spacing); padding-bottom: 15px; padding-left: 0px; border-bottom: 1px solid rgb(var(--border-color)); text-align: left;\">Included Components</th><td class=\"a-size-base prodDetAttrValue\" data-mce-fragment=\"1\" style=\"-webkit-font-smoothing: antialiased; padding-right: 0px; padding-bottom: 0px;\">Condenser Microphone x1, Boom Arm x1, Shock Mount x1, USB Cable x1, Pop Filter x1</td></tr><tr data-mce-fragment=\"1\" style=\"-webkit-font-smoothing: antialiased;\"><th class=\"a-color-secondary a-size-base prodDetSectionEntry\" data-mce-fragment=\"1\" style=\"-webkit-font-smoothing: antialiased; padding-top: 0px; padding-right: var(--table-spacing); padding-bottom: 15px; padding-left: 0px; border-bottom: 1px solid rgb(var(--border-color)); text-align: left;\">Polar Pattern</th><td class=\"a-size-base prodDetAttrValue\" data-mce-fragment=\"1\" style=\"-webkit-font-smoothing: antialiased; padding-right: 0px; padding-bottom: 0px;\">Unidirectional</td></tr><tr data-mce-fragment=\"1\" style=\"-webkit-font-smoothing: antialiased;\"><th class=\"a-color-secondary a-size-base prodDetSectionEntry\" data-mce-fragment=\"1\" style=\"-webkit-font-smoothing: antialiased; padding-top: 0px; padding-right: var(--table-spacing); padding-bottom: 15px; padding-left: 0px; border-bottom: 1px solid rgb(var(--border-color)); text-align: left;\">Item Dimensions LxWxH</th><td class=\"a-size-base prodDetAttrValue\" data-mce-fragment=\"1\" style=\"-webkit-font-smoothing: antialiased; padding-right: 0px; padding-bottom: 0px;\">44 x 21 x 9 Centimeters</td></tr><tr data-mce-fragment=\"1\" style=\"-webkit-font-smoothing: antialiased;\"><th class=\"a-color-secondary a-size-base prodDetSectionEntry\" data-mce-fragment=\"1\" style=\"-webkit-font-smoothing: antialiased; padding-top: 0px; padding-right: var(--table-spacing); padding-bottom: 15px; padding-left: 0px; border-bottom: 1px solid rgb(var(--border-color)); text-align: left;\">Power Source</th><td class=\"a-size-base prodDetAttrValue\" data-mce-fragment=\"1\" style=\"-webkit-font-smoothing: antialiased; padding-right: 0px; padding-bottom: 0px;\">Corded Electric</td></tr><tr data-mce-fragment=\"1\" style=\"-webkit-font-smoothing: antialiased;\"><th class=\"a-color-secondary a-size-base prodDetSectionEntry\" data-mce-fragment=\"1\" style=\"-webkit-font-smoothing: antialiased; padding-top: 0px; padding-right: var(--table-spacing); padding-bottom: 15px; padding-left: 0px; border-bottom: 1px solid rgb(var(--border-color)); text-align: left;\">Material</th><td class=\"a-size-base prodDetAttrValue\" data-mce-fragment=\"1\" style=\"-webkit-font-smoothing: antialiased; padding-right: 0px; padding-bottom: 0px;\">Metal</td></tr><tr data-mce-fragment=\"1\" style=\"-webkit-font-smoothing: antialiased;\"><th class=\"a-color-secondary a-size-base prodDetSectionEntry\" data-mce-fragment=\"1\" style=\"-webkit-font-smoothing: antialiased; padding-top: 0px; padding-right: var(--table-spacing); padding-bottom: 15px; padding-left: 0px; border-bottom: 1px solid rgb(var(--border-color)); text-align: left;\">Signal-to-Noise Ratio</th><td class=\"a-size-base prodDetAttrValue\" data-mce-fragment=\"1\" style=\"-webkit-font-smoothing: antialiased; padding-right: 0px; padding-bottom: 0px;\">96 dB</td></tr><tr data-mce-fragment=\"1\" style=\"-webkit-font-smoothing: antialiased;\"><th class=\"a-color-secondary a-size-base prodDetSectionEntry\" data-mce-fragment=\"1\" style=\"-webkit-font-smoothing: antialiased; padding-top: 0px; padding-right: var(--table-spacing); padding-bottom: 15px; padding-left: 0px; border-bottom: 1px solid rgb(var(--border-color)); text-align: left;\">Hardware Platform</th><td class=\"a-size-base prodDetAttrValue\" data-mce-fragment=\"1\" style=\"-webkit-font-smoothing: antialiased; padding-right: 0px; padding-bottom: 0px;\">PC, Smartphone</td></tr><tr data-mce-fragment=\"1\" style=\"-webkit-font-smoothing: antialiased;\"><th class=\"a-color-secondary a-size-base prodDetSectionEntry\" data-mce-fragment=\"1\" style=\"-webkit-font-smoothing: antialiased; padding-top: 0px; padding-right: var(--table-spacing); padding-bottom: 15px; padding-left: 0px; border-bottom: 1px solid rgb(var(--border-color)); text-align: left;\">Number of Channels</th><td class=\"a-size-base prodDetAttrValue\" data-mce-fragment=\"1\" style=\"-webkit-font-smoothing: antialiased; padding-right: 0px; padding-bottom: 0px;\">1</td></tr><tr data-mce-fragment=\"1\" style=\"-webkit-font-smoothing: antialiased;\"><th class=\"a-color-secondary a-size-base prodDetSectionEntry\" data-mce-fragment=\"1\" style=\"-webkit-font-smoothing: antialiased; padding-top: 0px; padding-right: var(--table-spacing); padding-bottom: 15px; padding-left: 0px; border-bottom: 1px solid rgb(var(--border-color)); text-align: left;\">Frequency Response</th><td class=\"a-size-base prodDetAttrValue\" data-mce-fragment=\"1\" style=\"-webkit-font-smoothing: antialiased; padding-right: 0px; padding-bottom: 0px;\">20 KHz</td></tr></tbody></table></div>', '1 Year', NULL, NULL, NULL, NULL, NULL, '2024-08-20 04:11:45', '2024-08-20 04:11:45'),
(28, 28, NULL, NULL, '<ul style=\"-webkit-font-smoothing: antialiased; color: rgb(51, 51, 51); font-family: Mont-Regular; font-size: 15px; margin-block-start: 0px !important;\"><li style=\"-webkit-font-smoothing: antialiased;\"><strong style=\"-webkit-font-smoothing: antialiased;\"><span style=\"font-size:16px;\">Powerful bass</span>Powerful bass</strong><br style=\"-webkit-font-smoothing: antialiased;\">10mm PEEK+PU composite diaphragm dynamic drivers provide powerful bass.</li><div><span style=\"-webkit-font-smoothing: antialiased; font-weight: var(--text-font-bold-weight);\"></span></div><ul style=\"-webkit-font-smoothing: antialiased;\"><li style=\"-webkit-font-smoothing: antialiased;\"><strong style=\"-webkit-font-smoothing: antialiased;\">Intuitive touch control &amp; voice assistant</strong><br style=\"-webkit-font-smoothing: antialiased;\">Control playback, adjust volume, answer or end calls, and access other functions.</li></ul><div><span style=\"-webkit-font-smoothing: antialiased; font-weight: var(--text-font-bold-weight);\"></span></div><ul style=\"-webkit-font-smoothing: antialiased;\"><li style=\"-webkit-font-smoothing: antialiased;\"><strong style=\"-webkit-font-smoothing: antialiased;\">Lightweight comfort<br style=\"-webkit-font-smoothing: antialiased;\"></strong>Just 3.6g per earbud gives outstanding lightweight comfort.</li></ul><div><span style=\"-webkit-font-smoothing: antialiased; font-weight: var(--text-font-bold-weight);\"></span></div><ul style=\"-webkit-font-smoothing: antialiased;\"><li style=\"-webkit-font-smoothing: antialiased;\"><strong style=\"-webkit-font-smoothing: antialiased;\">Single unit control</strong><br style=\"-webkit-font-smoothing: antialiased;\">Each earbud can be used independently for both calls and music.</li></ul><div><span style=\"-webkit-font-smoothing: antialiased; font-weight: var(--text-font-bold-weight);\"></span></div><ul style=\"-webkit-font-smoothing: antialiased;\"><li style=\"-webkit-font-smoothing: antialiased;\"><strong style=\"-webkit-font-smoothing: antialiased;\">Bluetooth 5.4</strong><br style=\"-webkit-font-smoothing: antialiased;\">Functioned with smart pairing.</li></ul><div><span style=\"-webkit-font-smoothing: antialiased; font-weight: var(--text-font-bold-weight);\"></span></div><ul style=\"-webkit-font-smoothing: antialiased;\"><li style=\"-webkit-font-smoothing: antialiased;\"><strong style=\"-webkit-font-smoothing: antialiased;\">IPX5 water resistance rating</strong><br style=\"-webkit-font-smoothing: antialiased;\">Suitable for outdoor and water-related activities.</li></ul><li style=\"-webkit-font-smoothing: antialiased;\">Earbuds</li><ul style=\"-webkit-font-smoothing: antialiased;\"><li style=\"-webkit-font-smoothing: antialiased;\">Technology: HFP, HSP, A2DP, AVRCP, SBC, AAC</li></ul><ul style=\"-webkit-font-smoothing: antialiased;\"><li style=\"-webkit-font-smoothing: antialiased;\">Bluetooth Version: 5.4</li></ul><ul style=\"-webkit-font-smoothing: antialiased;\"><li style=\"-webkit-font-smoothing: antialiased;\">Driver (Each channel): 1 x 10mm driver</li></ul><ul style=\"-webkit-font-smoothing: antialiased;\"><li style=\"-webkit-font-smoothing: antialiased;\">Sensitivity: 105dB3dB@1KHz</li></ul><ul style=\"-webkit-font-smoothing: antialiased;\"><li style=\"-webkit-font-smoothing: antialiased;\">Frequency Range: 20Hz-20KHz</li></ul><ul style=\"-webkit-font-smoothing: antialiased;\"><li style=\"-webkit-font-smoothing: antialiased;\">Impedance: 3215%</li></ul><ul style=\"-webkit-font-smoothing: antialiased;\"><li style=\"-webkit-font-smoothing: antialiased;\">Microphone type: MEMS</li></ul><ul style=\"-webkit-font-smoothing: antialiased;\"><li style=\"-webkit-font-smoothing: antialiased;\">Charging time: 1.5h</li></ul><ul style=\"-webkit-font-smoothing: antialiased;\"><li style=\"-webkit-font-smoothing: antialiased;\">Battery Life: 7h</li></ul><ul style=\"-webkit-font-smoothing: antialiased;\"><li style=\"-webkit-font-smoothing: antialiased;\">Battery Type: Li-polymer (2 x 30mAh)</li></ul><ul style=\"-webkit-font-smoothing: antialiased;\"><li style=\"-webkit-font-smoothing: antialiased;\">Operating Range: 10m<br style=\"-webkit-font-smoothing: antialiased;\"></li><li style=\"-webkit-font-smoothing: antialiased;\">Weight: 7.2g (pair)</li></ul><ul style=\"-webkit-font-smoothing: antialiased;\"><li style=\"-webkit-font-smoothing: antialiased;\">Charging Case</li></ul><ul style=\"-webkit-font-smoothing: antialiased;\"><li style=\"-webkit-font-smoothing: antialiased;\">Charging Input: DC 5V</li></ul><ul style=\"-webkit-font-smoothing: antialiased;\"><li style=\"-webkit-font-smoothing: antialiased;\">Charging Time: 1.5 hours</li></ul><ul style=\"-webkit-font-smoothing: antialiased;\"><li style=\"-webkit-font-smoothing: antialiased;\">Battery Type: Li-polymer (300mAh)</li></ul><ul style=\"-webkit-font-smoothing: antialiased;\"><li style=\"-webkit-font-smoothing: antialiased;\">Number of Earbuds Recharges: 2.6</li></ul><ul style=\"-webkit-font-smoothing: antialiased;\"><li style=\"-webkit-font-smoothing: antialiased;\">Weight: 37.8g</li></ul></ul>', '1 Year', NULL, NULL, NULL, NULL, NULL, '2024-08-20 04:33:48', '2024-08-20 04:33:49');
INSERT INTO `product_infos` (`id`, `product_id`, `product_size`, `short_descp`, `long_descp`, `warranty`, `url`, `new`, `hot`, `sale`, `best_sale`, `created_at`, `updated_at`) VALUES
(29, 29, NULL, NULL, '<div><ul style=\"-webkit-font-smoothing: antialiased; color: rgb(51, 51, 51); font-family: Mont-Regular; font-size: 15px; margin-block-start: 0px !important;\"><li style=\"-webkit-font-smoothing: antialiased;\"><strong style=\"-webkit-font-smoothing: antialiased;\">Excellent 13 mm enhanced dynamic drivers</strong><br style=\"-webkit-font-smoothing: antialiased;\">Deliver high-quality audio with clear, crisp sound and enhanced fidelity.</li></ul><div><span style=\"-webkit-font-smoothing: antialiased; font-weight: var(--text-font-bold-weight);\"></span></div><ul style=\"-webkit-font-smoothing: antialiased; color: rgb(51, 51, 51); font-family: Mont-Regular; font-size: 15px;\"><li style=\"-webkit-font-smoothing: antialiased;\"><strong style=\"-webkit-font-smoothing: antialiased;\">3-segment EQ mode</strong><br style=\"-webkit-font-smoothing: antialiased;\">Designed for crystal-clear sound.</li></ul><div></div><ul style=\"-webkit-font-smoothing: antialiased; color: rgb(51, 51, 51); font-family: Mont-Regular; font-size: 15px;\"><li style=\"-webkit-font-smoothing: antialiased;\"><strong style=\"-webkit-font-smoothing: antialiased;\">Intuitive touch control &amp; voice assistant</strong><br style=\"-webkit-font-smoothing: antialiased;\">Control playback, adjust volume, answer or end calls, and access other functions.</li></ul><div><span style=\"-webkit-font-smoothing: antialiased; font-weight: var(--text-font-bold-weight);\"></span></div><ul style=\"-webkit-font-smoothing: antialiased; color: rgb(51, 51, 51); font-family: Mont-Regular; font-size: 15px;\"><li style=\"-webkit-font-smoothing: antialiased;\"><strong style=\"-webkit-font-smoothing: antialiased;\">Semi-in-ear design</strong><br style=\"-webkit-font-smoothing: antialiased;\">Stylish transparent and semi-in-ear design combines aesthetic appeal with comfort.</li></ul><div><span style=\"-webkit-font-smoothing: antialiased; font-weight: var(--text-font-bold-weight);\"></span></div><ul style=\"-webkit-font-smoothing: antialiased; color: rgb(51, 51, 51); font-family: Mont-Regular; font-size: 15px;\"><li style=\"-webkit-font-smoothing: antialiased;\"><strong style=\"-webkit-font-smoothing: antialiased;\">Lightweight comfort<br style=\"-webkit-font-smoothing: antialiased;\"></strong>Just 3.5g per earbud gives outstanding lightweight comfort.</li></ul><div><span style=\"-webkit-font-smoothing: antialiased; font-weight: var(--text-font-bold-weight);\"></span></div><ul style=\"-webkit-font-smoothing: antialiased; color: rgb(51, 51, 51); font-family: Mont-Regular; font-size: 15px;\"><li style=\"-webkit-font-smoothing: antialiased;\"><strong style=\"-webkit-font-smoothing: antialiased;\">Single unit control</strong><br style=\"-webkit-font-smoothing: antialiased;\">Each earbud can be used independently for both calls and music.</li></ul><div><span style=\"-webkit-font-smoothing: antialiased; font-weight: var(--text-font-bold-weight);\"></span></div><ul style=\"-webkit-font-smoothing: antialiased; color: rgb(51, 51, 51); font-family: Mont-Regular; font-size: 15px;\"><li style=\"-webkit-font-smoothing: antialiased;\"><strong style=\"-webkit-font-smoothing: antialiased;\">Bluetooth 5.3<br style=\"-webkit-font-smoothing: antialiased;\"></strong>Functioned with smart pairing.</li></ul><div><span style=\"-webkit-font-smoothing: antialiased; font-weight: var(--text-font-bold-weight);\"></span></div><ul style=\"-webkit-font-smoothing: antialiased; color: rgb(51, 51, 51); font-family: Mont-Regular; font-size: 15px; margin-block-end: 0px !important;\"><li style=\"-webkit-font-smoothing: antialiased;\"><strong style=\"-webkit-font-smoothing: antialiased;\">IPX4 water resistance rating</strong><br style=\"-webkit-font-smoothing: antialiased;\">Suitable for outdoor and water-related activities.</li></ul><div><ul style=\"-webkit-font-smoothing: antialiased; color: rgb(51, 51, 51); font-family: Mont-Regular; font-size: 15px; margin-block-start: 0px !important;\"><li style=\"-webkit-font-smoothing: antialiased;\">Earbuds</li></ul><div></div><ul style=\"-webkit-font-smoothing: antialiased; color: rgb(51, 51, 51); font-family: Mont-Regular; font-size: 15px;\"><li style=\"-webkit-font-smoothing: antialiased;\">Technology: A2DP/AVCTP/AVDTP/AVRCP/HFP</li></ul><div></div><ul style=\"-webkit-font-smoothing: antialiased; color: rgb(51, 51, 51); font-family: Mont-Regular; font-size: 15px;\"><li style=\"-webkit-font-smoothing: antialiased;\">Bluetooth Version: 5.3</li></ul><div></div><ul style=\"-webkit-font-smoothing: antialiased; color: rgb(51, 51, 51); font-family: Mont-Regular; font-size: 15px;\"><li style=\"-webkit-font-smoothing: antialiased;\">Driver (Each channel): 13mm</li></ul><div></div><ul style=\"-webkit-font-smoothing: antialiased; color: rgb(51, 51, 51); font-family: Mont-Regular; font-size: 15px;\"><li style=\"-webkit-font-smoothing: antialiased;\">Sensitivity: 1053dB @1KHz</li></ul><div></div><ul style=\"-webkit-font-smoothing: antialiased; color: rgb(51, 51, 51); font-family: Mont-Regular; font-size: 15px;\"><li style=\"-webkit-font-smoothing: antialiased;\">Frequency Range: 20Hz20KHz</li></ul><div></div><ul style=\"-webkit-font-smoothing: antialiased; color: rgb(51, 51, 51); font-family: Mont-Regular; font-size: 15px;\"><li style=\"-webkit-font-smoothing: antialiased;\">Impedance: 32 15%</li></ul><div></div><ul style=\"-webkit-font-smoothing: antialiased; color: rgb(51, 51, 51); font-family: Mont-Regular; font-size: 15px;\"><li style=\"-webkit-font-smoothing: antialiased;\">Microphone type:MEMS</li></ul><div></div><ul style=\"-webkit-font-smoothing: antialiased; color: rgb(51, 51, 51); font-family: Mont-Regular; font-size: 15px;\"><li style=\"-webkit-font-smoothing: antialiased;\">Charging time: 1.5 hour</li></ul><div></div><ul style=\"-webkit-font-smoothing: antialiased; color: rgb(51, 51, 51); font-family: Mont-Regular; font-size: 15px;\"><li style=\"-webkit-font-smoothing: antialiased;\">Battery Life: 4 hours Battery</li></ul><div></div><ul style=\"-webkit-font-smoothing: antialiased; color: rgb(51, 51, 51); font-family: Mont-Regular; font-size: 15px;\"><li style=\"-webkit-font-smoothing: antialiased;\">Type:Li-polymer (2x 30mAh)</li></ul><div></div><ul style=\"-webkit-font-smoothing: antialiased; color: rgb(51, 51, 51); font-family: Mont-Regular; font-size: 15px;\"><li style=\"-webkit-font-smoothing: antialiased;\">OperatingRange: 10m Weight: 3.5g</li></ul><div></div><ul style=\"-webkit-font-smoothing: antialiased; color: rgb(51, 51, 51); font-family: Mont-Regular; font-size: 15px;\"><li style=\"-webkit-font-smoothing: antialiased;\">Charging Case</li></ul><div></div><ul style=\"-webkit-font-smoothing: antialiased; color: rgb(51, 51, 51); font-family: Mont-Regular; font-size: 15px;\"><li style=\"-webkit-font-smoothing: antialiased;\">Charging Input: DC 5V</li></ul><div></div><ul style=\"-webkit-font-smoothing: antialiased; color: rgb(51, 51, 51); font-family: Mont-Regular; font-size: 15px;\"><li style=\"-webkit-font-smoothing: antialiased;\">Charging Time: 2 hours</li></ul><div></div><ul style=\"-webkit-font-smoothing: antialiased; color: rgb(51, 51, 51); font-family: Mont-Regular; font-size: 15px;\"><li style=\"-webkit-font-smoothing: antialiased;\">Battery Type: Li-polymer (320mAh)</li></ul><div></div><ul style=\"-webkit-font-smoothing: antialiased; color: rgb(51, 51, 51); font-family: Mont-Regular; font-size: 15px;\"><li style=\"-webkit-font-smoothing: antialiased;\">Number of Earbuds Recharges: 4</li></ul><div></div><ul style=\"-webkit-font-smoothing: antialiased; color: rgb(51, 51, 51); font-family: Mont-Regular; font-size: 15px; margin-block-end: 0px !important;\"><li style=\"-webkit-font-smoothing: antialiased;\">Weight: 40g</li></ul></div></div>', '1 Year', NULL, NULL, NULL, NULL, NULL, '2024-08-20 04:44:09', '2024-08-20 04:44:09'),
(30, 30, NULL, NULL, '<div><div> 140W  bmsbox-10</div><div>Specification&nbsp;<br>Bluetooth Version:5.2<br>Working Range:10 Meters<br>Speaker Wattage:120W<br>Frequency Response: 20Hz-20KHz&nbsp;<br>Battery Capacity:2000mAh*6*2=24000mAh/7.4V<br>Music Time: About 11Hrs(with 50% Volume)<br>Charging Time: About 12 Hrs<br>Charging Interface: Type-C&nbsp;<br>Net Weight:4400g<br>Size:410*167*185mm</div></div>', '1 Year', NULL, NULL, NULL, NULL, NULL, '2024-08-20 05:09:24', '2024-08-20 05:09:24'),
(31, 31, NULL, NULL, '<div><div>70W Heavy Bass  bmsbox-11</div><div>Specification&nbsp;<br>Bluetooth Version:5.2<br>Working Range:10 Meters<br>Speaker Wattage:70W<br>Frequency Response: 20Hz-20KHz&nbsp;<br>Battery Capacity:2000mAh*4*2=16000mAh/7.4V<br>Music Time: About 12Hrs(with 50% Volume)<br>Charging Time: About 7 Hrs<br>Charging Interface: Type-C&nbsp;<br>Net Weight:2890g<br>Size:321*151*185mm</div></div>', '1 Year', NULL, NULL, NULL, NULL, NULL, '2024-08-20 05:17:57', '2024-08-20 05:17:57'),
(32, 32, NULL, NULL, '<div><ul style=\"margin: 0px; padding: 15px; font-family: Inter; font-size: 13px; line-height: 20px; color: rgb(153, 153, 153);\"><li style=\"list-style-position: initial; list-style-image: initial; list-style-type: disc !important;\">Three adapters (3.5mm, USB-C, and Lightning) with a convenient buckle design for easy swapping and universal compatibility with multiple devices.&nbsp;</li><li style=\"list-style-position: initial; list-style-image: initial; list-style-type: disc !important;\">48 kHz 16-bit audio quality and 6-level gain control for professional-grade audio output.</li><li style=\"list-style-position: initial; list-style-image: initial; list-style-type: disc !important;\">Up to 100 meters of wireless transmission.</li><li style=\"list-style-position: initial; list-style-image: initial; list-style-type: disc !important;\">2.4 GHz automatic frequency-hopping technology for anti-interference performance.</li><li style=\"list-style-position: initial; list-style-image: initial; list-style-type: disc !important;\">One-click noise cancellation and rotating clasp-type windshields for pristine sound in noisy environments.</li><li style=\"list-style-position: initial; list-style-image: initial; list-style-type: disc !important;\">Maximum battery life of 30 hours for each mic; receiver supports charging while recording.</li><li style=\"list-style-position: initial; list-style-image: initial; list-style-type: disc !important;\">Automatic pairing for quick connections.</li><li style=\"list-style-position: initial; list-style-image: initial; list-style-type: disc !important;\">Dual microphones for simultaneous recording of two sound sources.</li></ul></div>', '1 Year', NULL, NULL, NULL, NULL, 1, '2024-08-20 06:06:16', '2024-08-20 06:06:16'),
(36, 40, NULL, NULL, '<div><table id=\"productDetails_techSpec_section_1\" class=\"a-keyvalue prodDetTable\" role=\"presentation\" style=\"margin-bottom: 22px; width: 680.594px; border-bottom: 1px solid rgb(187, 191, 191); table-layout: fixed; color: rgb(15, 17, 17); font-family: &quot;Amazon Ember&quot;, Arial, sans-serif;\"><tbody><tr><th class=\"a-color-secondary a-size-base prodDetSectionEntry\" style=\"vertical-align: top; text-align: left; padding: 7px 14px 6px; background-color: rgb(240, 242, 242); font-weight: 400; border-top-color: rgb(187, 191, 191); overflow-wrap: break-word; width: 340.297px; line-height: 20px !important;\">duct Dimensions</th><td class=\"a-size-base prodDetAttrValue\" style=\"vertical-align: top; padding: 7px 14px 6px; border-top-color: rgb(187, 191, 191); color: rgb(51, 51, 51); word-break: break-word; line-height: 20px !important;\">2400 x 1400 x 4.2 cm; 440 g</td></tr><tr><th class=\"a-color-secondary a-size-base prodDetSectionEntry\" style=\"vertical-align: top; text-align: left; padding: 7px 14px 6px; background-color: rgb(240, 242, 242); font-weight: 400; border-top-color: rgb(187, 191, 191); overflow-wrap: break-word; width: 340.297px; line-height: 20px !important;\">Batteries</th><td class=\"a-size-base prodDetAttrValue\" style=\"vertical-align: top; padding: 7px 14px 6px; border-top-color: rgb(187, 191, 191); color: rgb(51, 51, 51); word-break: break-word; line-height: 20px !important;\">1 Lithium Polymer batteries required. (included)</td></tr><tr><th class=\"a-color-secondary a-size-base prodDetSectionEntry\" style=\"vertical-align: top; text-align: left; padding: 7px 14px 6px; background-color: rgb(240, 242, 242); font-weight: 400; border-top-color: rgb(187, 191, 191); overflow-wrap: break-word; width: 340.297px; line-height: 20px !important;\">Item model number</th><td class=\"a-size-base prodDetAttrValue\" style=\"vertical-align: top; padding: 7px 14px 6px; border-top-color: rgb(187, 191, 191); color: rgb(51, 51, 51); word-break: break-word; line-height: 20px !important;\">AU-AM200</td></tr><tr><th class=\"a-color-secondary a-size-base prodDetSectionEntry\" style=\"vertical-align: top; text-align: left; padding: 7px 14px 6px; background-color: rgb(240, 242, 242); font-weight: 400; border-top-color: rgb(187, 191, 191); overflow-wrap: break-word; width: 340.297px; line-height: 20px !important;\">Colour</th><td class=\"a-size-base prodDetAttrValue\" style=\"vertical-align: top; padding: 7px 14px 6px; border-top-color: rgb(187, 191, 191); color: rgb(51, 51, 51); word-break: break-word; line-height: 20px !important;\">Black</td></tr><tr><th class=\"a-color-secondary a-size-base prodDetSectionEntry\" style=\"vertical-align: top; text-align: left; padding: 7px 14px 6px; background-color: rgb(240, 242, 242); font-weight: 400; border-top-color: rgb(187, 191, 191); overflow-wrap: break-word; width: 340.297px; line-height: 20px !important;\">Connector</th><td class=\"a-size-base prodDetAttrValue\" style=\"vertical-align: top; padding: 7px 14px 6px; border-top-color: rgb(187, 191, 191); color: rgb(51, 51, 51); word-break: break-word; line-height: 20px !important;\">USB, XLR Connector</td></tr><tr><th class=\"a-color-secondary a-size-base prodDetSectionEntry\" style=\"vertical-align: top; text-align: left; padding: 7px 14px 6px; background-color: rgb(240, 242, 242); font-weight: 400; border-top-color: rgb(187, 191, 191); overflow-wrap: break-word; width: 340.297px; line-height: 20px !important;\">Size</th><td class=\"a-size-base prodDetAttrValue\" style=\"vertical-align: top; padding: 7px 14px 6px; border-top-color: rgb(187, 191, 191); color: rgb(51, 51, 51); word-break: break-word; line-height: 20px !important;\">Audio Mixer</td></tr><tr><th class=\"a-color-secondary a-size-base prodDetSectionEntry\" style=\"vertical-align: top; text-align: left; padding: 7px 14px 6px; background-color: rgb(240, 242, 242); font-weight: 400; border-top-color: rgb(187, 191, 191); overflow-wrap: break-word; width: 340.297px; line-height: 20px !important;\">Battery Type</th><td class=\"a-size-base prodDetAttrValue\" style=\"vertical-align: top; padding: 7px 14px 6px; border-top-color: rgb(187, 191, 191); color: rgb(51, 51, 51); word-break: break-word; line-height: 20px !important;\">Lithium Polymer</td></tr><tr><th class=\"a-color-secondary a-size-base prodDetSectionEntry\" style=\"vertical-align: top; text-align: left; padding: 7px 14px 6px; background-color: rgb(240, 242, 242); font-weight: 400; border-top-color: rgb(187, 191, 191); overflow-wrap: break-word; width: 340.297px; line-height: 20px !important;\">Operating System</th><td class=\"a-size-base prodDetAttrValue\" style=\"vertical-align: top; padding: 7px 14px 6px; border-top-color: rgb(187, 191, 191); color: rgb(51, 51, 51); word-break: break-word; line-height: 20px !important;\">Windows</td></tr><tr><th class=\"a-color-secondary a-size-base prodDetSectionEntry\" style=\"vertical-align: top; text-align: left; padding: 7px 14px 6px; background-color: rgb(240, 242, 242); font-weight: 400; border-top-color: rgb(187, 191, 191); overflow-wrap: break-word; width: 340.297px; line-height: 20px !important;\">Item Weight</th><td class=\"a-size-base prodDetAttrValue\" style=\"vertical-align: top; padding: 7px 14px 6px; border-top-color: rgb(187, 191, 191); color: rgb(51, 51, 51); word-break: break-word; line-height: 20px !important;\">440 g</td></tr><tr><th class=\"a-color-secondary a-size-base prodDetSectionEntry\" style=\"vertical-align: top; text-align: left; padding: 7px 14px 6px; background-color: rgb(240, 242, 242); font-weight: 400; border-top-color: rgb(187, 191, 191); overflow-wrap: break-word; width: 340.297px; line-height: 20px !important;\">Manufacturer</th><td class=\"a-size-base prodDetAttrValue\" style=\"vertical-align: top; padding: 7px 14px 6px; border-top-color: rgb(187, 191, 191); color: rgb(51, 51, 51); word-break: break-word; line-height: 20px !important;\">Maono</td></tr></tbody></table></div>', '1 Year', NULL, NULL, NULL, NULL, NULL, '2024-08-20 10:06:52', '2024-08-20 10:06:52'),
(37, 41, NULL, NULL, '<div data-expanded=\"true\" class=\"a-expander-content a-expander-partial-collapse-content a-expander-content-expanded\" style=\"overflow: hidden; position: relative; color: rgb(15, 17, 17); font-family: &quot;Amazon Ember&quot;, Arial, sans-serif; padding-bottom: 20px;\"><table class=\"a-normal a-spacing-micro\" style=\"width: 513.25px; margin-bottom: 0px !important;\"><tbody><tr class=\"a-spacing-small po-recommended_uses_for_product\" style=\"margin-bottom: 8px !important;\"><td class=\"a-span3\" style=\"vertical-align: top; padding: 0px 3px 3px 0px; width: 122.922px; float: none !important;\"><span class=\"a-size-base a-text-bold\" style=\"font-weight: 700 !important; line-height: 20px !important;\">Recommended Uses For Product</span></td><td class=\"a-span9\" style=\"vertical-align: top; padding: 0px 0px 3px 3px; width: 390.328px; float: none !important;\"><span class=\"a-size-base po-break-word\" style=\"word-break: break-word; line-height: 20px !important;\">Podcast, Video Recording, Voice Recording, Video Conference</span></td></tr><tr class=\"a-spacing-small po-brand\" style=\"margin-bottom: 8px !important;\"><td class=\"a-span3\" style=\"vertical-align: top; padding: 3px 3px 3px 0px; width: 122.922px; float: none !important;\"><span class=\"a-size-base a-text-bold\" style=\"font-weight: 700 !important; line-height: 20px !important;\">Brand</span></td><td class=\"a-span9\" style=\"vertical-align: top; padding: 3px 0px 3px 3px; width: 390.328px; float: none !important;\"><span class=\"a-size-base po-break-word\" style=\"word-break: break-word; line-height: 20px !important;\">BOYA</span></td></tr><tr class=\"a-spacing-small po-model_name\" style=\"margin-bottom: 8px !important;\"><td class=\"a-span3\" style=\"vertical-align: top; padding: 3px 3px 3px 0px; width: 122.922px; float: none !important;\"><span class=\"a-size-base a-text-bold\" style=\"font-weight: 700 !important; line-height: 20px !important;\">Model Name</span></td><td class=\"a-span9\" style=\"vertical-align: top; padding: 3px 0px 3px 3px; width: 390.328px; float: none !important;\"><span class=\"a-size-base po-break-word\" style=\"word-break: break-word; line-height: 20px !important;\">BOYA BY-PM700</span></td></tr><tr class=\"a-spacing-small po-connectivity_technology\" style=\"margin-bottom: 8px !important;\"><td class=\"a-span3\" style=\"vertical-align: top; padding: 3px 3px 3px 0px; width: 122.922px; float: none !important;\"><span class=\"a-size-base a-text-bold\" style=\"font-weight: 700 !important; line-height: 20px !important;\">Connectivity Technology</span></td><td class=\"a-span9\" style=\"vertical-align: top; padding: 3px 0px 3px 3px; width: 390.328px; float: none !important;\"><span class=\"a-size-base po-break-word\" style=\"word-break: break-word; line-height: 20px !important;\">USB</span></td></tr><tr class=\"a-spacing-small po-connector_type\" style=\"margin-bottom: 8px !important;\"><td class=\"a-span3\" style=\"vertical-align: top; padding: 3px 3px 3px 0px; width: 122.922px; float: none !important;\"><span class=\"a-size-base a-text-bold\" style=\"font-weight: 700 !important; line-height: 20px !important;\">Connector Type</span></td><td class=\"a-span9\" style=\"vertical-align: top; padding: 3px 0px 3px 3px; width: 390.328px; float: none !important;\"><span class=\"a-size-base po-break-word\" style=\"word-break: break-word; line-height: 20px !important;\">USB</span></td></tr><tr class=\"a-spacing-small po-special_feature\" style=\"margin-bottom: 8px !important;\"><td class=\"a-span3\" style=\"vertical-align: top; padding: 3px 3px 3px 0px; width: 122.922px; float: none !important;\"><span class=\"a-size-base a-text-bold\" style=\"font-weight: 700 !important; line-height: 20px !important;\">Special Feature</span></td><td class=\"a-span9\" style=\"vertical-align: top; padding: 3px 0px 3px 3px; width: 390.328px; float: none !important;\"><span class=\"a-size-base po-break-word\" style=\"word-break: break-word; line-height: 20px !important;\">USB</span></td></tr><tr class=\"a-spacing-small po-compatible_devices\" style=\"margin-bottom: 8px !important;\"><td class=\"a-span3\" style=\"vertical-align: top; padding: 3px 3px 3px 0px; width: 122.922px; float: none !important;\"><span class=\"a-size-base a-text-bold\" style=\"font-weight: 700 !important; line-height: 20px !important;\">Compatible Devices</span></td><td class=\"a-span9\" style=\"vertical-align: top; padding: 3px 0px 3px 3px; width: 390.328px; float: none !important;\"><span class=\"a-size-base po-break-word\" style=\"word-break: break-word; line-height: 20px !important;\">Laptop, Personal Computer</span></td></tr><tr class=\"a-spacing-small po-color\" style=\"margin-bottom: 8px !important;\"><td class=\"a-span3\" style=\"vertical-align: top; padding: 3px 3px 3px 0px; width: 122.922px; float: none !important;\"><span class=\"a-size-base a-text-bold\" style=\"font-weight: 700 !important; line-height: 20px !important;\">Color</span></td><td class=\"a-span9\" style=\"vertical-align: top; padding: 3px 0px 3px 3px; width: 390.328px; float: none !important;\"><span class=\"a-size-base po-break-word\" style=\"word-break: break-word; line-height: 20px !important;\">Silver</span></td></tr><tr class=\"a-spacing-small po-included_components\" style=\"margin-bottom: 8px !important;\"><td class=\"a-span3\" style=\"vertical-align: top; padding: 3px 3px 3px 0px; width: 122.922px; float: none !important;\"><span class=\"a-size-base a-text-bold\" style=\"font-weight: 700 !important; line-height: 20px !important;\">Included Components</span></td><td class=\"a-span9\" style=\"vertical-align: top; padding: 3px 0px 3px 3px; width: 390.328px; float: none !important;\"><span class=\"a-size-base po-break-word\" style=\"word-break: break-word; line-height: 20px !important;\">Microphone</span></td></tr><tr class=\"a-spacing-small po-polar_pattern\" style=\"margin-bottom: 8px !important;\"><td class=\"a-span3\" style=\"vertical-align: top; padding: 3px 3px 0px 0px; width: 122.922px; float: none !important;\"><span class=\"a-size-base a-text-bold\" style=\"font-weight: 700 !important; line-height: 20px !important;\">Polar Pattern</span></td><td class=\"a-span9\" style=\"vertical-align: top; padding: 3px 0px 0px 3px; width: 390.328px; float: none !important;\"><span class=\"a-size-base po-break-word\" style=\"word-break: break-word; line-height: 20px !important;\">Unidirectional</span></td></tr></tbody></table></div><div id=\"poToggleButton\" class=\"a-expander-header a-expander-partial-collapse-header\" style=\"position: absolute; bottom: 0px; width: 513.25px; z-index: 2; outline: 0px; color: rgb(15, 17, 17); font-family: &quot;Amazon Ember&quot;, Arial, sans-serif; opacity: 1;\"><a data-csa-c-func-deps=\"aui-da-a-expander-toggle\" data-csa-c-type=\"widget\" data-csa-interaction-events=\"click\" aria-expanded=\"true\" role=\"button\" data-action=\"a-expander-toggle\" class=\"a-declarative\" data-a-expander-toggle=\"{&quot;allowLinkDefault&quot;:true, &quot;expand_prompt&quot;:&quot;See more&quot;, &quot;collapse_prompt&quot;:&quot;See less&quot;}\" data-csa-c-id=\"m0dlsx-18zgro-hbw36c-2san4v\"><i class=\"a-icon a-icon-extender-collapse\" style=\"background-image: none; background-size: 400px 900px; background-repeat: no-repeat; display: inline-block; vertical-align: baseline; position: relative; margin-right: 0.385em; width: 7px; height: 7px; background-position: -94px -293px; border-style: solid; border-color: rgb(15, 17, 17); border-image: initial; border-width: 0px 2px 2px 0px; padding: 3px; opacity: 1; transform: rotate(-135deg); margin-top: -1px; margin-left: 2px;\"></i></a></div>', '1 Year', NULL, NULL, NULL, NULL, NULL, '2024-08-21 03:35:39', '2024-08-21 03:47:25'),
(38, 42, NULL, NULL, '<div><table class=\"a-normal a-spacing-micro\" style=\"width: 513.25px; color: rgb(15, 17, 17); font-family: &quot;Amazon Ember&quot;, Arial, sans-serif; margin-bottom: 0px !important;\"><tbody><tr class=\"a-spacing-small po-brand\" style=\"margin-bottom: 8px !important;\"><td class=\"a-span3\" style=\"vertical-align: top; padding: 0px 3px 3px 0px; width: 122.922px; float: none !important;\"><span class=\"a-size-base a-text-bold\" style=\"font-weight: 700 !important; line-height: 20px !important;\">Brand</span></td><td class=\"a-span9\" style=\"vertical-align: top; padding: 0px 0px 3px 3px; width: 390.328px; float: none !important;\"><span class=\"a-size-base po-break-word\" style=\"word-break: break-word; line-height: 20px !important;\">BOYA</span></td></tr><tr class=\"a-spacing-small po-video_capture_resolution\" style=\"margin-bottom: 8px !important;\"><td class=\"a-span3\" style=\"vertical-align: top; padding: 3px 3px 3px 0px; width: 122.922px; float: none !important;\"><span class=\"a-size-base a-text-bold\" style=\"font-weight: 700 !important; line-height: 20px !important;\">Video Capture Resolution</span></td><td class=\"a-span9\" style=\"vertical-align: top; padding: 3px 0px 3px 3px; width: 390.328px; float: none !important;\"><span class=\"a-size-base po-break-word\" style=\"word-break: break-word; line-height: 20px !important;\">1080p</span></td></tr><tr class=\"a-spacing-small po-display.size\" style=\"margin-bottom: 8px !important;\"><td class=\"a-span3\" style=\"vertical-align: top; padding: 3px 3px 3px 0px; width: 122.922px; float: none !important;\"><span class=\"a-size-base a-text-bold\" style=\"font-weight: 700 !important; line-height: 20px !important;\">Screen Size</span></td><td class=\"a-span9\" style=\"vertical-align: top; padding: 3px 0px 3px 3px; width: 390.328px; float: none !important;\"><span class=\"a-size-base po-break-word\" style=\"word-break: break-word; line-height: 20px !important;\">4 Inches</span></td></tr><tr class=\"a-spacing-small po-connectivity_technology\" style=\"margin-bottom: 8px !important;\"><td class=\"a-span3\" style=\"vertical-align: top; padding: 3px 3px 3px 0px; width: 122.922px; float: none !important;\"><span class=\"a-size-base a-text-bold\" style=\"font-weight: 700 !important; line-height: 20px !important;\">Connectivity Technology</span></td><td class=\"a-span9\" style=\"vertical-align: top; padding: 3px 0px 3px 3px; width: 390.328px; float: none !important;\"><span class=\"a-size-base po-break-word\" style=\"word-break: break-word; line-height: 20px !important;\">USB</span></td></tr><tr class=\"a-spacing-small po-special_feature\" style=\"margin-bottom: 8px !important;\"><td class=\"a-span3\" style=\"vertical-align: top; padding: 3px 3px 3px 0px; width: 122.922px; float: none !important;\"><span class=\"a-size-base a-text-bold\" style=\"font-weight: 700 !important; line-height: 20px !important;\">Special Feature</span></td><td class=\"a-span9\" style=\"vertical-align: top; padding: 3px 0px 3px 3px; width: 390.328px; float: none !important;\"><span class=\"a-size-base po-break-word\" style=\"word-break: break-word; line-height: 20px !important;\">audio recording</span></td></tr><tr class=\"a-spacing-small po-included_components\" style=\"margin-bottom: 8px !important;\"><td class=\"a-span3\" style=\"vertical-align: top; padding: 3px 3px 3px 0px; width: 122.922px; float: none !important;\"><span class=\"a-size-base a-text-bold\" style=\"font-weight: 700 !important; line-height: 20px !important;\">Included Components</span></td><td class=\"a-span9\" style=\"vertical-align: top; padding: 3px 0px 3px 3px; width: 390.328px; float: none !important;\"><span class=\"a-size-base\" style=\"line-height: 20px !important;\"><span class=\"a-truncate po-truncate-attribute\" data-a-word-break=\"normal\" data-a-truncate-name=\"po-attribute-truncate-5\" data-a-max-rows=\"3\" data-a-overflow-marker=\"&amp;hellip;\" data-a-recalculate=\"false\" data-a-updated=\"true\" style=\"display: inline-block; position: relative; width: 387.328px; overflow: hidden; word-break: normal; max-height: 3.9em; line-height: 1.3em !important;\"><span class=\"a-truncate-full a-offscreen\" style=\"display: inline-block; width: 387.328px; opacity: 0; position: absolute !important; left: 0px !important; bottom: -1px !important; z-index: -1 !important;\">Microphone (BY-CM6)*1; USB-A to USB-C audio cable (3.94 ft.)*1; USB-C to USB-C audio cable (3.94 ft.)*1.</span><span class=\"a-truncate-cut\" aria-hidden=\"true\" style=\"display: inline-block; width: 387.328px; word-break: break-word; height: auto;\">Microphone (BY-CM6)*1; USB-A to USB-C audio cable (3.94 ft.)*1; USB-C to USB-C audio cable (3.94 ft.)*1.</span></span></span></td></tr><tr class=\"a-spacing-small po-lens.type\" style=\"margin-bottom: 8px !important;\"><td class=\"a-span3\" style=\"vertical-align: top; padding: 3px 3px 3px 0px; width: 122.922px; float: none !important;\"><span class=\"a-size-base a-text-bold\" style=\"font-weight: 700 !important; line-height: 20px !important;\">Lens Type</span></td><td class=\"a-span9\" style=\"vertical-align: top; padding: 3px 0px 3px 3px; width: 390.328px; float: none !important;\"><span class=\"a-size-base po-break-word\" style=\"word-break: break-word; line-height: 20px !important;\">Zoom</span></td></tr><tr class=\"a-spacing-small po-compatible_devices\" style=\"margin-bottom: 8px !important;\"><td class=\"a-span3\" style=\"vertical-align: top; padding: 3px 3px 3px 0px; width: 122.922px; float: none !important;\"><span class=\"a-size-base a-text-bold\" style=\"font-weight: 700 !important; line-height: 20px !important;\">Compatible Devices</span></td><td class=\"a-span9\" style=\"vertical-align: top; padding: 3px 0px 3px 3px; width: 390.328px; float: none !important;\"><span class=\"a-size-base po-break-word\" style=\"word-break: break-word; line-height: 20px !important;\">Laptop, Videography, Personal Computer, Speaker</span></td></tr><tr class=\"a-spacing-small po-recommended_uses_for_product\" style=\"margin-bottom: 8px !important;\"><td class=\"a-span3\" style=\"vertical-align: top; padding: 3px 3px 3px 0px; width: 122.922px; float: none !important;\"><span class=\"a-size-base a-text-bold\" style=\"font-weight: 700 !important; line-height: 20px !important;\">Recommended Uses For Product</span></td><td class=\"a-span9\" style=\"vertical-align: top; padding: 3px 0px 3px 3px; width: 390.328px; float: none !important;\"><span class=\"a-size-base po-break-word\" style=\"word-break: break-word; line-height: 20px !important;\">Gaming</span></td></tr><tr class=\"a-spacing-small po-has_image_stabilization\" style=\"margin-bottom: 8px !important;\"><td class=\"a-span3\" style=\"vertical-align: top; padding: 3px 3px 0px 0px; width: 122.922px; float: none !important;\"><span class=\"a-size-base a-text-bold\" style=\"font-weight: 700 !important; line-height: 20px !important;\">Has Image Stabilization</span></td><td class=\"a-span9\" style=\"vertical-align: top; padding: 3px 0px 0px 3px; width: 390.328px; float: none !important;\"><span class=\"a-size-base po-break-word\" style=\"word-break: break-word; line-height: 20px !important;\">No</span></td></tr></tbody></table></div>', '1 Year', NULL, NULL, NULL, NULL, NULL, '2024-08-21 03:52:51', '2024-08-21 03:52:51'),
(39, 43, NULL, NULL, '<div><table class=\"a-normal a-spacing-micro\" style=\"width: 666.969px; color: rgb(15, 17, 17); font-family: &quot;Amazon Ember&quot;, Arial, sans-serif; margin-bottom: 0px !important;\"><tbody><tr class=\"a-spacing-small po-recommended_uses_for_product\" style=\"margin-bottom: 8px !important;\"><td class=\"a-span3\" style=\"vertical-align: top; padding: 0px 3px 3px 0px; width: 159.75px; float: none !important;\"><span class=\"a-size-base a-text-bold\" style=\"font-weight: 700 !important; line-height: 20px !important;\">Recommended Uses For Product</span></td><td class=\"a-span9\" style=\"vertical-align: top; padding: 0px 0px 3px 3px; width: 507.219px; float: none !important;\"><span class=\"a-size-base po-break-word\" style=\"word-break: break-word; line-height: 20px !important;\">Video Conference, Indoor</span></td></tr><tr class=\"a-spacing-small po-brand\" style=\"margin-bottom: 8px !important;\"><td class=\"a-span3\" style=\"vertical-align: top; padding: 3px 3px 3px 0px; width: 159.75px; float: none !important;\"><span class=\"a-size-base a-text-bold\" style=\"font-weight: 700 !important; line-height: 20px !important;\">Brand</span></td><td class=\"a-span9\" style=\"vertical-align: top; padding: 3px 0px 3px 3px; width: 507.219px; float: none !important;\"><span class=\"a-size-base po-break-word\" style=\"word-break: break-word; line-height: 20px !important;\">BOYA</span></td></tr><tr class=\"a-spacing-small po-model_name\" style=\"margin-bottom: 8px !important;\"><td class=\"a-span3\" style=\"vertical-align: top; padding: 3px 3px 3px 0px; width: 159.75px; float: none !important;\"><span class=\"a-size-base a-text-bold\" style=\"font-weight: 700 !important; line-height: 20px !important;\">Model Name</span></td><td class=\"a-span9\" style=\"vertical-align: top; padding: 3px 0px 3px 3px; width: 507.219px; float: none !important;\"><span class=\"a-size-base po-break-word\" style=\"word-break: break-word; line-height: 20px !important;\">Blobby Pro</span></td></tr><tr class=\"a-spacing-small po-connectivity_technology\" style=\"margin-bottom: 8px !important;\"><td class=\"a-span3\" style=\"vertical-align: top; padding: 3px 3px 3px 0px; width: 159.75px; float: none !important;\"><span class=\"a-size-base a-text-bold\" style=\"font-weight: 700 !important; line-height: 20px !important;\">Connectivity Technology</span></td><td class=\"a-span9\" style=\"vertical-align: top; padding: 3px 0px 3px 3px; width: 507.219px; float: none !important;\"><span class=\"a-size-base po-break-word\" style=\"word-break: break-word; line-height: 20px !important;\">Bluetooth</span></td></tr><tr class=\"a-spacing-small po-connector_type\" style=\"margin-bottom: 8px !important;\"><td class=\"a-span3\" style=\"vertical-align: top; padding: 3px 3px 3px 0px; width: 159.75px; float: none !important;\"><span class=\"a-size-base a-text-bold\" style=\"font-weight: 700 !important; line-height: 20px !important;\">Connector Type</span></td><td class=\"a-span9\" style=\"vertical-align: top; padding: 3px 0px 3px 3px; width: 507.219px; float: none !important;\"><span class=\"a-size-base po-break-word\" style=\"word-break: break-word; line-height: 20px !important;\">USB Type-C, 3.5 mm Jack</span></td></tr><tr class=\"a-spacing-small po-special_feature\" style=\"margin-bottom: 8px !important;\"><td class=\"a-span3\" style=\"vertical-align: top; padding: 3px 3px 3px 0px; width: 159.75px; float: none !important;\"><span class=\"a-size-base a-text-bold\" style=\"font-weight: 700 !important; line-height: 20px !important;\">Special Feature</span></td><td class=\"a-span9\" style=\"vertical-align: top; padding: 3px 0px 3px 3px; width: 507.219px; float: none !important;\"><span class=\"a-size-base po-break-word\" style=\"word-break: break-word; line-height: 20px !important;\">Volume Control, Mute Function, Built In Microphone, Noise Reduction</span></td></tr><tr class=\"a-spacing-small po-compatible_devices\" style=\"margin-bottom: 8px !important;\"><td class=\"a-span3\" style=\"vertical-align: top; padding: 3px 3px 3px 0px; width: 159.75px; float: none !important;\"><span class=\"a-size-base a-text-bold\" style=\"font-weight: 700 !important; line-height: 20px !important;\">Compatible Devices</span></td><td class=\"a-span9\" style=\"vertical-align: top; padding: 3px 0px 3px 3px; width: 507.219px; float: none !important;\"><span class=\"a-size-base po-break-word\" style=\"word-break: break-word; line-height: 20px !important;\">Laptop, Personal Computer, Smartphone</span></td></tr><tr class=\"a-spacing-small po-color\" style=\"margin-bottom: 8px !important;\"><td class=\"a-span3\" style=\"vertical-align: top; padding: 3px 3px 3px 0px; width: 159.75px; float: none !important;\"><span class=\"a-size-base a-text-bold\" style=\"font-weight: 700 !important; line-height: 20px !important;\">Color</span></td><td class=\"a-span9\" style=\"vertical-align: top; padding: 3px 0px 3px 3px; width: 507.219px; float: none !important;\"><span class=\"a-size-base po-break-word\" style=\"word-break: break-word; line-height: 20px !important;\">Black</span></td></tr><tr class=\"a-spacing-small po-included_components\" style=\"margin-bottom: 8px !important;\"><td class=\"a-span3\" style=\"vertical-align: top; padding: 3px 3px 3px 0px; width: 159.75px; float: none !important;\"><span class=\"a-size-base a-text-bold\" style=\"font-weight: 700 !important; line-height: 20px !important;\">Included Components</span></td><td class=\"a-span9\" style=\"vertical-align: top; padding: 3px 0px 3px 3px; width: 507.219px; float: none !important;\"><span class=\"a-size-base\" style=\"line-height: 20px !important;\"><span class=\"a-truncate po-truncate-attribute\" data-a-word-break=\"normal\" data-a-truncate-name=\"po-attribute-truncate-8\" data-a-max-rows=\"3\" data-a-overflow-marker=\"&amp;hellip;\" data-a-recalculate=\"false\" data-a-updated=\"true\" style=\"display: inline-block; position: relative; width: 504.219px; overflow: hidden; word-break: normal; max-height: 3.9em; line-height: 1.3em !important;\"><span class=\"a-truncate-full a-offscreen\" style=\"display: inline-block; width: 504.219px; opacity: 0; position: absolute !important; left: 0px !important; bottom: -1px !important; z-index: -1 !important;\">Carrying Pouch 1, USB-C to USB-A Cable 1, Quick Start Guide 1, Blobby Pro Conference Speakerphone 1</span><span class=\"a-truncate-cut\" aria-hidden=\"true\" style=\"display: inline-block; width: 504.219px; word-break: break-word; height: auto;\">Carrying Pouch 1, USB-C to USB-A Cable 1, Quick Start Guide 1, Blobby Pro Conference Speakerphone 1</span></span></span></td></tr><tr class=\"a-spacing-small po-polar_pattern\" style=\"margin-bottom: 8px !important;\"><td class=\"a-span3\" style=\"vertical-align: top; padding: 3px 3px 0px 0px; width: 159.75px; float: none !important;\"><span class=\"a-size-base a-text-bold\" style=\"font-weight: 700 !important; line-height: 20px !important;\">Polar Pattern</span></td><td class=\"a-span9\" style=\"vertical-align: top; padding: 3px 0px 0px 3px; width: 507.219px; float: none !important;\"><span class=\"a-size-base po-break-word\" style=\"word-break: break-word; line-height: 20px !important;\">Omnidirectional</span></td></tr></tbody></table></div>', '1 Year', NULL, NULL, NULL, NULL, NULL, '2024-08-21 04:01:42', '2024-08-21 04:02:19'),
(40, 44, NULL, NULL, '<table class=\"a-normal a-spacing-micro\" style=\"width: 513.25px; color: rgb(15, 17, 17); font-family: &quot;Amazon Ember&quot;, Arial, sans-serif; margin-bottom: 0px !important;\"><tbody><tr class=\"a-spacing-small po-recommended_uses_for_product\" style=\"margin-bottom: 8px !important;\"><td class=\"a-span3\" style=\"vertical-align: top; padding: 0px 3px 3px 0px; width: 122.922px; float: none !important;\"><span class=\"a-size-base a-text-bold\" style=\"font-weight: 700 !important; line-height: 20px !important;\">Recommended Uses For Product</span></td><td class=\"a-span9\" style=\"vertical-align: top; padding: 0px 0px 3px 3px; width: 390.328px; float: none !important;\"><span class=\"a-size-base po-break-word\" style=\"word-break: break-word; line-height: 20px !important;\">Video Conference</span></td></tr><tr class=\"a-spacing-small po-brand\" style=\"margin-bottom: 8px !important;\"><td class=\"a-span3\" style=\"vertical-align: top; padding: 3px 3px 3px 0px; width: 122.922px; float: none !important;\"><span class=\"a-size-base a-text-bold\" style=\"font-weight: 700 !important; line-height: 20px !important;\">Brand</span></td><td class=\"a-span9\" style=\"vertical-align: top; padding: 3px 0px 3px 3px; width: 390.328px; float: none !important;\"><span class=\"a-size-base po-break-word\" style=\"word-break: break-word; line-height: 20px !important;\">BOYA</span></td></tr><tr class=\"a-spacing-small po-connectivity_technology\" style=\"margin-bottom: 8px !important;\"><td class=\"a-span3\" style=\"vertical-align: top; padding: 3px 3px 3px 0px; width: 122.922px; float: none !important;\"><span class=\"a-size-base a-text-bold\" style=\"font-weight: 700 !important; line-height: 20px !important;\">Connectivity Technology</span></td><td class=\"a-span9\" style=\"vertical-align: top; padding: 3px 0px 3px 3px; width: 390.328px; float: none !important;\"><span class=\"a-size-base po-break-word\" style=\"word-break: break-word; line-height: 20px !important;\">USB</span></td></tr><tr class=\"a-spacing-small po-connector_type\" style=\"margin-bottom: 8px !important;\"><td class=\"a-span3\" style=\"vertical-align: top; padding: 3px 3px 3px 0px; width: 122.922px; float: none !important;\"><span class=\"a-size-base a-text-bold\" style=\"font-weight: 700 !important; line-height: 20px !important;\">Connector Type</span></td><td class=\"a-span9\" style=\"vertical-align: top; padding: 3px 0px 3px 3px; width: 390.328px; float: none !important;\"><span class=\"a-size-base po-break-word\" style=\"word-break: break-word; line-height: 20px !important;\">USB</span></td></tr><tr class=\"a-spacing-small po-special_feature\" style=\"margin-bottom: 8px !important;\"><td class=\"a-span3\" style=\"vertical-align: top; padding: 3px 3px 3px 0px; width: 122.922px; float: none !important;\"><span class=\"a-size-base a-text-bold\" style=\"font-weight: 700 !important; line-height: 20px !important;\">Special Feature</span></td><td class=\"a-span9\" style=\"vertical-align: top; padding: 3px 0px 3px 3px; width: 390.328px; float: none !important;\"><span class=\"a-size-base po-break-word\" style=\"word-break: break-word; line-height: 20px !important;\">Mute Function, Wireless Charging</span></td></tr><tr class=\"a-spacing-small po-compatible_devices\" style=\"margin-bottom: 8px !important;\"><td class=\"a-span3\" style=\"vertical-align: top; padding: 3px 3px 3px 0px; width: 122.922px; float: none !important;\"><span class=\"a-size-base a-text-bold\" style=\"font-weight: 700 !important; line-height: 20px !important;\">Compatible Devices</span></td><td class=\"a-span9\" style=\"vertical-align: top; padding: 3px 0px 3px 3px; width: 390.328px; float: none !important;\"><span class=\"a-size-base po-break-word\" style=\"word-break: break-word; line-height: 20px !important;\">Laptop, Personal Computer, Tablet</span></td></tr><tr class=\"a-spacing-small po-color\" style=\"margin-bottom: 8px !important;\"><td class=\"a-span3\" style=\"vertical-align: top; padding: 3px 3px 3px 0px; width: 122.922px; float: none !important;\"><span class=\"a-size-base a-text-bold\" style=\"font-weight: 700 !important; line-height: 20px !important;\">Color</span></td><td class=\"a-span9\" style=\"vertical-align: top; padding: 3px 0px 3px 3px; width: 390.328px; float: none !important;\"><span class=\"a-size-base po-break-word\" style=\"word-break: break-word; line-height: 20px !important;\">Black</span></td></tr><tr class=\"a-spacing-small po-included_components\" style=\"margin-bottom: 8px !important;\"><td class=\"a-span3\" style=\"vertical-align: top; padding: 3px 3px 3px 0px; width: 122.922px; float: none !important;\"><span class=\"a-size-base a-text-bold\" style=\"font-weight: 700 !important; line-height: 20px !important;\">Included Components</span></td><td class=\"a-span9\" style=\"vertical-align: top; padding: 3px 0px 3px 3px; width: 390.328px; float: none !important;\"><span class=\"a-size-base\" style=\"line-height: 20px !important;\"><span class=\"a-truncate po-truncate-attribute\" data-a-word-break=\"normal\" data-a-truncate-name=\"po-attribute-truncate-7\" data-a-max-rows=\"3\" data-a-overflow-marker=\"&amp;hellip;\" data-a-recalculate=\"false\" data-a-updated=\"true\" style=\"display: inline-block; position: relative; width: 387.328px; overflow: hidden; word-break: normal; max-height: 3.9em; line-height: 1.3em !important;\"><span class=\"a-truncate-full a-offscreen\" style=\"display: inline-block; width: 387.328px; opacity: 0; position: absolute !important; left: 0px !important; bottom: -1px !important; z-index: -1 !important;\">Blobby USB Conference Microphone, USB-A to Type-C Cable, Type-C to Type-C Cable, User Manual,Warranty Card, Carring Case</span><span class=\"a-truncate-cut\" aria-hidden=\"true\" style=\"display: inline-block; width: 387.328px; word-break: break-word; height: auto;\">Blobby USB Conference Microphone, USB-A to Type-C Cable, Type-C to Type-C Cable, User Manual,Warranty Card, Carring Case</span></span></span></td></tr><tr class=\"a-spacing-small po-polar_pattern\" style=\"margin-bottom: 8px !important;\"><td class=\"a-span3\" style=\"vertical-align: top; padding: 3px 3px 3px 0px; width: 122.922px; float: none !important;\"><span class=\"a-size-base a-text-bold\" style=\"font-weight: 700 !important; line-height: 20px !important;\">Polar Pattern</span></td><td class=\"a-span9\" style=\"vertical-align: top; padding: 3px 0px 3px 3px; width: 390.328px; float: none !important;\"><span class=\"a-size-base po-break-word\" style=\"word-break: break-word; line-height: 20px !important;\">Omnidirectional</span></td></tr><tr class=\"a-spacing-small po-power_source_type\" style=\"margin-bottom: 8px !important;\"><td class=\"a-span3\" style=\"vertical-align: top; padding: 3px 3px 0px 0px; width: 122.922px; float: none !important;\"><span class=\"a-size-base a-text-bold\" style=\"font-weight: 700 !important; line-height: 20px !important;\">Power Source</span></td><td class=\"a-span9\" style=\"vertical-align: top; padding: 3px 0px 0px 3px; width: 390.328px; float: none !important;\"><span class=\"a-size-base po-break-word\" style=\"word-break: break-word; line-height: 20px !important;\">Corded Electric</span></td></tr></tbody></table>', '1 Year', NULL, NULL, NULL, NULL, NULL, '2024-08-21 04:14:43', '2024-08-21 04:14:43');
INSERT INTO `product_infos` (`id`, `product_id`, `product_size`, `short_descp`, `long_descp`, `warranty`, `url`, `new`, `hot`, `sale`, `best_sale`, `created_at`, `updated_at`) VALUES
(41, 45, NULL, NULL, '<div><ul class=\"a-unordered-list a-vertical a-spacing-mini\" style=\"margin: 0px 0px 0px 18px; color: rgb(15, 17, 17); font-family: &quot;Amazon Ember&quot;, Arial, sans-serif;\"><li class=\"a-spacing-mini\" style=\"list-style: disc; overflow-wrap: break-word;\"><span class=\"a-list-item\">[Excellent Performance with Superior Preamp]: AME2 built-in quality preamps support phantom power for optimal performance of XLR microphones. The AME2 features 3-level mic gain adjustment, supporting ultra-low noise gain up to 60dB, and high-end dynamic microphones. While 48V phantom power brings the condenser microphone to life. The 32-bit high-performance chipset and DENOISE function provide clearer sound</span></li><li class=\"a-spacing-mini\" style=\"list-style: disc; overflow-wrap: break-word;\"><span class=\"a-list-item\">[Up to 11 Customized Sound Pads to Enhance Your Podcast Atmosphere]: AME2 10-channel podcast mixer allows for 11 customizable sound pads. 3 sound pads support recording of up to 60s of audio each and feature one-key looping, while the remaining 8 support 20s of audio. You can adjust the volume of each sound pad as well. Our digital audio workstation controllers allow you to upload your favorite audio for podcast recording via smartphone, PC, microphone, or Bluetooth device</span></li><li class=\"a-spacing-mini\" style=\"list-style: disc; overflow-wrap: break-word;\"><span class=\"a-list-item\">[Perfect for Guitar, Bass, and Other Musical Instruments with a 6.35mm Jack]: AME2 is a great option if you are looking for an audio interface to record guitar or bass. With the high headroom instrument input, you don\'t have to sacrifice the tone, and you can get a perfect recording</span></li><li class=\"a-spacing-mini\" style=\"list-style: disc; overflow-wrap: break-word;\"><span class=\"a-list-item\">[Upgraded Podcast Equipment Bundle]: Elevate your podcasting game with our new digital audio workstation controllers. They are plug-and-play ready, offer crystal-clear audio recording, and have a sleek design that gives your home studio a professional touch. Perfect for podcast recording, streaming, voice-overs, and content creation, our equipment is compatible with PC, smartphones, tablets, cameras, Windows, Mac OS, and more</span></li><li class=\"a-spacing-mini\" style=\"list-style: disc; overflow-wrap: break-word;\"><span class=\"a-list-item\">[Enjoy a Personalized Podcasting Atmosphere]: The audio interface mixer has six reverb modes that you can adjust freely, 12-step auto-tune, 3 modifiable tones (Treble, mid-range, bass), and pitch changer knobs. Each microphone input is independently controlled, and pro features like sidechain, music-only, and loopback switches are included</span></li><li class=\"a-spacing-mini\" style=\"list-style: disc; overflow-wrap: break-word;\"><span class=\"a-list-item\">[Designed for Live-Streaming]: Podcast mixer is designed to be used for live streaming. You can use USB-C to connect your computer or tablet, LIVE-OUTPUT1/2 to connect your smartphone for podcast recording and streaming, and MONITOR SPK to connect a studio monitor for sound output. Use the AUX-IN jack to connect your input accompaniment from a smartphone or other devices, MIC1/2 to connect your favorite XLR condenser/dynamic microphone, and INST to connect your guitar/bass or other instruments</span></li><li class=\"a-spacing-mini\" style=\"list-style: disc; overflow-wrap: break-word;\"><span class=\"a-list-item\">[Great Compatible]: The MAONOCASTER AME2 is compatible with most analog microphones, including XLR condenser/dynamic microphones, 6.35mm dynamic microphones, and 3.5mm microphones. Note that USB microphones are not supported. You can use the product with MAONO PM320, PM500, and HD300, as well as with microphones from other brands, such as Shure SM7B, Shure SM58, Rode Podmic, Samson Q2U, and others</span></li><li class=\"a-spacing-mini\" style=\"list-style: disc; overflow-wrap: break-word;\"><span class=\"a-list-item\">[Package list]1* audio interface, 1* USB A-C charging cable, 2* 3.5mm TRRS audio cable, ,1* user manual. For a better user experience, please download more instructions below and read the user manual before setting up</span></li></ul><table class=\"a-normal a-spacing-micro\" style=\"width: 513.25px; color: rgb(15, 17, 17); font-family: &quot;Amazon Ember&quot;, Arial, sans-serif; margin-bottom: 0px !important;\"><tbody><tr class=\"a-spacing-small po-brand\" style=\"margin-bottom: 8px !important;\"><td class=\"a-span3\" style=\"vertical-align: top; padding: 0px 3px 3px 0px; width: 134.359px; float: none !important;\"><span class=\"a-size-base a-text-bold\" style=\"font-weight: 700 !important; line-height: 20px !important;\">Brand</span></td><td class=\"a-span9\" style=\"vertical-align: top; padding: 0px 0px 3px 3px; width: 378.891px; float: none !important;\"><span class=\"a-size-base po-break-word\" style=\"word-break: break-word; line-height: 20px !important;\">MAONO</span></td></tr><tr class=\"a-spacing-small po-number_of_channels\" style=\"margin-bottom: 8px !important;\"><td class=\"a-span3\" style=\"vertical-align: top; padding: 3px 3px 3px 0px; width: 134.359px; float: none !important;\"><span class=\"a-size-base a-text-bold\" style=\"font-weight: 700 !important; line-height: 20px !important;\">Number of Channels</span></td><td class=\"a-span9\" style=\"vertical-align: top; padding: 3px 0px 3px 3px; width: 378.891px; float: none !important;\"><span class=\"a-size-base po-break-word\" style=\"word-break: break-word; line-height: 20px !important;\">10</span></td></tr><tr class=\"a-spacing-small po-item_depth_width_height\" style=\"margin-bottom: 8px !important;\"><td class=\"a-span3\" style=\"vertical-align: top; padding: 3px 3px 3px 0px; width: 134.359px; float: none !important;\"><span class=\"a-size-base a-text-bold\" style=\"font-weight: 700 !important; line-height: 20px !important;\">Product Dimensions</span></td><td class=\"a-span9\" style=\"vertical-align: top; padding: 3px 0px 3px 3px; width: 378.891px; float: none !important;\"><span class=\"a-size-base po-break-word\" style=\"word-break: break-word; line-height: 20px !important;\">9.64\"D x 6.18\"W x 2.16\"H</span></td></tr><tr class=\"a-spacing-small po-connectivity_technology\" style=\"margin-bottom: 8px !important;\"><td class=\"a-span3\" style=\"vertical-align: top; padding: 3px 3px 3px 0px; width: 134.359px; float: none !important;\"><span class=\"a-size-base a-text-bold\" style=\"font-weight: 700 !important; line-height: 20px !important;\">Connectivity Technology</span></td><td class=\"a-span9\" style=\"vertical-align: top; padding: 3px 0px 3px 3px; width: 378.891px; float: none !important;\"><span class=\"a-size-base po-break-word\" style=\"word-break: break-word; line-height: 20px !important;\">XLR, 3.5MMTRRS,6.35MM,USB typeC</span></td></tr><tr class=\"a-spacing-small po-power_source_type\" style=\"margin-bottom: 8px !important;\"><td class=\"a-span3\" style=\"vertical-align: top; padding: 3px 3px 0px 0px; width: 134.359px; float: none !important;\"><span class=\"a-size-base a-text-bold\" style=\"font-weight: 700 !important; line-height: 20px !important;\">Power Source</span></td><td class=\"a-span9\" style=\"vertical-align: top; padding: 3px 0px 0px 3px; width: 378.891px; float: none !important;\"><span class=\"a-size-base po-break-word\" style=\"word-break: break-word; line-height: 20px !important;\">Corded Electric</span></td></tr></tbody></table></div>', '1 Year', NULL, NULL, NULL, NULL, NULL, '2024-08-21 04:25:51', '2024-08-21 05:07:30'),
(42, 46, NULL, NULL, '<div><table class=\"a-normal a-spacing-micro\" style=\"width: 513.25px; color: rgb(15, 17, 17); font-family: &quot;Amazon Ember&quot;, Arial, sans-serif; margin-bottom: 0px !important;\"><tbody><tr class=\"a-spacing-small po-recommended_uses_for_product\" style=\"margin-bottom: 8px !important;\"><td class=\"a-span3\" style=\"vertical-align: top; padding: 0px 3px 3px 0px; width: 134.359px; float: none !important;\"><span class=\"a-size-base a-text-bold\" style=\"font-weight: 700 !important; line-height: 20px !important;\">Recommended Uses For Product</span></td><td class=\"a-span9\" style=\"vertical-align: top; padding: 0px 0px 3px 3px; width: 378.891px; float: none !important;\"><span class=\"a-size-base po-break-word\" style=\"word-break: break-word; line-height: 20px !important;\">Streaming</span></td></tr><tr class=\"a-spacing-small po-brand\" style=\"margin-bottom: 8px !important;\"><td class=\"a-span3\" style=\"vertical-align: top; padding: 3px 3px 3px 0px; width: 134.359px; float: none !important;\"><span class=\"a-size-base a-text-bold\" style=\"font-weight: 700 !important; line-height: 20px !important;\">Brand</span></td><td class=\"a-span9\" style=\"vertical-align: top; padding: 3px 0px 3px 3px; width: 378.891px; float: none !important;\"><span class=\"a-size-base po-break-word\" style=\"word-break: break-word; line-height: 20px !important;\">Boya</span></td></tr><tr class=\"a-spacing-small po-model_name\" style=\"margin-bottom: 8px !important;\"><td class=\"a-span3\" style=\"vertical-align: top; padding: 3px 3px 3px 0px; width: 134.359px; float: none !important;\"><span class=\"a-size-base a-text-bold\" style=\"font-weight: 700 !important; line-height: 20px !important;\">Model Name</span></td><td class=\"a-span9\" style=\"vertical-align: top; padding: 3px 0px 3px 3px; width: 378.891px; float: none !important;\"><span class=\"a-size-base po-break-word\" style=\"word-break: break-word; line-height: 20px !important;\">BOYA MM1+</span></td></tr><tr class=\"a-spacing-small po-connectivity_technology\" style=\"margin-bottom: 8px !important;\"><td class=\"a-span3\" style=\"vertical-align: top; padding: 3px 3px 3px 0px; width: 134.359px; float: none !important;\"><span class=\"a-size-base a-text-bold\" style=\"font-weight: 700 !important; line-height: 20px !important;\">Connectivity Technology</span></td><td class=\"a-span9\" style=\"vertical-align: top; padding: 3px 0px 3px 3px; width: 378.891px; float: none !important;\"><span class=\"a-size-base po-break-word\" style=\"word-break: break-word; line-height: 20px !important;\">USB</span></td></tr><tr class=\"a-spacing-small po-connector_type\" style=\"margin-bottom: 8px !important;\"><td class=\"a-span3\" style=\"vertical-align: top; padding: 3px 3px 0px 0px; width: 134.359px; float: none !important;\"><span class=\"a-size-base a-text-bold\" style=\"font-weight: 700 !important; line-height: 20px !important;\">Connector Type</span></td><td class=\"a-span9\" style=\"vertical-align: top; padding: 3px 0px 0px 3px; width: 378.891px; float: none !important;\"><span class=\"a-size-base po-break-word\" style=\"word-break: break-word; line-height: 20px !important;\">3 5 month Jack</span></td></tr></tbody></table></div>', '1 Year', NULL, NULL, NULL, NULL, NULL, '2024-08-21 04:29:26', '2024-08-21 04:29:26'),
(43, 47, NULL, NULL, '<div><table class=\"a-normal a-spacing-micro\" style=\"width: 666.969px; color: rgb(15, 17, 17); font-family: &quot;Amazon Ember&quot;, Arial, sans-serif; margin-bottom: 0px !important;\"><tbody><tr class=\"a-spacing-small po-brand\" style=\"margin-bottom: 8px !important;\"><td class=\"a-span3\" style=\"vertical-align: top; padding: 0px 3px 3px 0px; width: 159.75px; float: none !important;\"><span class=\"a-size-base a-text-bold\" style=\"font-weight: 700 !important; line-height: 20px !important;\">rand</span></td><td class=\"a-span9\" style=\"vertical-align: top; padding: 0px 0px 3px 3px; width: 507.219px; float: none !important;\"><span class=\"a-size-base po-break-word\" style=\"word-break: break-word; line-height: 20px !important;\">BOYA</span></td></tr><tr class=\"a-spacing-small po-connectivity_technology\" style=\"margin-bottom: 8px !important;\"><td class=\"a-span3\" style=\"vertical-align: top; padding: 3px 3px 3px 0px; width: 159.75px; float: none !important;\"><span class=\"a-size-base a-text-bold\" style=\"font-weight: 700 !important; line-height: 20px !important;\">Connectivity Technology</span></td><td class=\"a-span9\" style=\"vertical-align: top; padding: 3px 0px 3px 3px; width: 507.219px; float: none !important;\"><span class=\"a-size-base po-break-word\" style=\"word-break: break-word; line-height: 20px !important;\">Auxiliary</span></td></tr><tr class=\"a-spacing-small po-connector_type\" style=\"margin-bottom: 8px !important;\"><td class=\"a-span3\" style=\"vertical-align: top; padding: 3px 3px 3px 0px; width: 159.75px; float: none !important;\"><span class=\"a-size-base a-text-bold\" style=\"font-weight: 700 !important; line-height: 20px !important;\">Connector Type</span></td><td class=\"a-span9\" style=\"vertical-align: top; padding: 3px 0px 3px 3px; width: 507.219px; float: none !important;\"><span class=\"a-size-base po-break-word\" style=\"word-break: break-word; line-height: 20px !important;\">3.5 mm Jack</span></td></tr><tr class=\"a-spacing-small po-special_feature\" style=\"margin-bottom: 8px !important;\"><td class=\"a-span3\" style=\"vertical-align: top; padding: 3px 3px 3px 0px; width: 159.75px; float: none !important;\"><span class=\"a-size-base a-text-bold\" style=\"font-weight: 700 !important; line-height: 20px !important;\">Special Feature</span></td><td class=\"a-span9\" style=\"vertical-align: top; padding: 3px 0px 3px 3px; width: 507.219px; float: none !important;\"><span class=\"a-size-base po-break-word\" style=\"word-break: break-word; line-height: 20px !important;\">Clip</span></td></tr><tr class=\"a-spacing-small po-compatible_devices\" style=\"margin-bottom: 8px !important;\"><td class=\"a-span3\" style=\"vertical-align: top; padding: 3px 3px 3px 0px; width: 159.75px; float: none !important;\"><span class=\"a-size-base a-text-bold\" style=\"font-weight: 700 !important; line-height: 20px !important;\">Compatible Devices</span></td><td class=\"a-span9\" style=\"vertical-align: top; padding: 3px 0px 3px 3px; width: 507.219px; float: none !important;\"><span class=\"a-size-base po-break-word\" style=\"word-break: break-word; line-height: 20px !important;\">Laptop, Personal Computer, Camcorder, Tablet, Camera, Smartphone</span></td></tr><tr class=\"a-spacing-small po-included_components\" style=\"margin-bottom: 8px !important;\"><td class=\"a-span3\" style=\"vertical-align: top; padding: 3px 3px 3px 0px; width: 159.75px; float: none !important;\"><span class=\"a-size-base a-text-bold\" style=\"font-weight: 700 !important; line-height: 20px !important;\">Included Components</span></td><td class=\"a-span9\" style=\"vertical-align: top; padding: 3px 0px 3px 3px; width: 507.219px; float: none !important;\"><span class=\"a-size-base po-break-word\" style=\"word-break: break-word; line-height: 20px !important;\">lapel microphone</span></td></tr></tbody></table></div>', '1 Year', NULL, NULL, NULL, NULL, NULL, '2024-08-21 04:37:13', '2024-08-21 04:37:13'),
(44, 48, NULL, NULL, '<div><table class=\"a-normal a-spacing-micro\" style=\"width: 513.25px; color: rgb(15, 17, 17); font-family: &quot;Amazon Ember&quot;, Arial, sans-serif; margin-bottom: 0px !important;\"><tbody><tr class=\"a-spacing-small po-recommended_uses_for_product\" style=\"margin-bottom: 8px !important;\"><td class=\"a-span3\" style=\"vertical-align: top; padding: 0px 3px 3px 0px; width: 134.359px; float: none !important;\"><span class=\"a-size-base a-text-bold\" style=\"font-weight: 700 !important; line-height: 20px !important;\">Recommended Uses For Product</span></td><td class=\"a-span9\" style=\"vertical-align: top; padding: 0px 0px 3px 3px; width: 378.891px; float: none !important;\"><span class=\"a-size-base po-break-word\" style=\"word-break: break-word; line-height: 20px !important;\">Gaming</span></td></tr><tr class=\"a-spacing-small po-brand\" style=\"margin-bottom: 8px !important;\"><td class=\"a-span3\" style=\"vertical-align: top; padding: 3px 3px 3px 0px; width: 134.359px; float: none !important;\"><span class=\"a-size-base a-text-bold\" style=\"font-weight: 700 !important; line-height: 20px !important;\">Brand</span></td><td class=\"a-span9\" style=\"vertical-align: top; padding: 3px 0px 3px 3px; width: 378.891px; float: none !important;\"><span class=\"a-size-base po-break-word\" style=\"word-break: break-word; line-height: 20px !important;\">Boya</span></td></tr><tr class=\"a-spacing-small po-connectivity_technology\" style=\"margin-bottom: 8px !important;\"><td class=\"a-span3\" style=\"vertical-align: top; padding: 3px 3px 3px 0px; width: 134.359px; float: none !important;\"><span class=\"a-size-base a-text-bold\" style=\"font-weight: 700 !important; line-height: 20px !important;\">Connectivity Technology</span></td><td class=\"a-span9\" style=\"vertical-align: top; padding: 3px 0px 3px 3px; width: 378.891px; float: none !important;\"><span class=\"a-size-base po-break-word\" style=\"word-break: break-word; line-height: 20px !important;\">XLR</span></td></tr><tr class=\"a-spacing-small po-connector_type\" style=\"margin-bottom: 8px !important;\"><td class=\"a-span3\" style=\"vertical-align: top; padding: 3px 3px 3px 0px; width: 134.359px; float: none !important;\"><span class=\"a-size-base a-text-bold\" style=\"font-weight: 700 !important; line-height: 20px !important;\">Connector Type</span></td><td class=\"a-span9\" style=\"vertical-align: top; padding: 3px 0px 3px 3px; width: 378.891px; float: none !important;\"><span class=\"a-size-base po-break-word\" style=\"word-break: break-word; line-height: 20px !important;\">3.5 mm Jack</span></td></tr><tr class=\"a-spacing-small po-special_feature\" style=\"margin-bottom: 8px !important;\"><td class=\"a-span3\" style=\"vertical-align: top; padding: 3px 3px 0px 0px; width: 134.359px; float: none !important;\"><span class=\"a-size-base a-text-bold\" style=\"font-weight: 700 !important; line-height: 20px !important;\">Special Feature</span></td><td class=\"a-span9\" style=\"vertical-align: top; padding: 3px 0px 0px 3px; width: 378.891px; float: none !important;\"><span class=\"a-size-base po-break-word\" style=\"word-break: break-word; line-height: 20px !important;\">Voice Activated Recording</span></td></tr></tbody></table></div>', '1 Year', NULL, NULL, NULL, NULL, NULL, '2024-08-21 04:41:22', '2024-08-21 04:41:22'),
(45, 49, NULL, NULL, '<div><table class=\"a-normal a-spacing-micro\" style=\"width: 513.25px; color: rgb(15, 17, 17); font-family: &quot;Amazon Ember&quot;, Arial, sans-serif; margin-bottom: 0px !important;\"><tbody><tr class=\"a-spacing-small po-recommended_uses_for_product\" style=\"margin-bottom: 8px !important;\"><td class=\"a-span3\" style=\"vertical-align: top; padding: 0px 3px 3px 0px; width: 134.359px; float: none !important;\"><span class=\"a-size-base a-text-bold\" style=\"font-weight: 700 !important; line-height: 20px !important;\">Recommended Uses For Product</span></td><td class=\"a-span9\" style=\"vertical-align: top; padding: 0px 0px 3px 3px; width: 378.891px; float: none !important;\"><span class=\"a-size-base po-break-word\" style=\"word-break: break-word; line-height: 20px !important;\">Streaming</span></td></tr><tr class=\"a-spacing-small po-brand\" style=\"margin-bottom: 8px !important;\"><td class=\"a-span3\" style=\"vertical-align: top; padding: 3px 3px 3px 0px; width: 134.359px; float: none !important;\"><span class=\"a-size-base a-text-bold\" style=\"font-weight: 700 !important; line-height: 20px !important;\">Brand</span></td><td class=\"a-span9\" style=\"vertical-align: top; padding: 3px 0px 3px 3px; width: 378.891px; float: none !important;\"><span class=\"a-size-base po-break-word\" style=\"word-break: break-word; line-height: 20px !important;\">Boya</span></td></tr><tr class=\"a-spacing-small po-connectivity_technology\" style=\"margin-bottom: 8px !important;\"><td class=\"a-span3\" style=\"vertical-align: top; padding: 3px 3px 3px 0px; width: 134.359px; float: none !important;\"><span class=\"a-size-base a-text-bold\" style=\"font-weight: 700 !important; line-height: 20px !important;\">Connectivity Technology</span></td><td class=\"a-span9\" style=\"vertical-align: top; padding: 3px 0px 3px 3px; width: 378.891px; float: none !important;\"><span class=\"a-size-base po-break-word\" style=\"word-break: break-word; line-height: 20px !important;\">USB</span></td></tr><tr class=\"a-spacing-small po-connector_type\" style=\"margin-bottom: 8px !important;\"><td class=\"a-span3\" style=\"vertical-align: top; padding: 3px 3px 3px 0px; width: 134.359px; float: none !important;\"><span class=\"a-size-base a-text-bold\" style=\"font-weight: 700 !important; line-height: 20px !important;\">Connector Type</span></td><td class=\"a-span9\" style=\"vertical-align: top; padding: 3px 0px 3px 3px; width: 378.891px; float: none !important;\"><span class=\"a-size-base po-break-word\" style=\"word-break: break-word; line-height: 20px !important;\">USB</span></td></tr><tr class=\"a-spacing-small po-special_feature\" style=\"margin-bottom: 8px !important;\"><td class=\"a-span3\" style=\"vertical-align: top; padding: 3px 3px 0px 0px; width: 134.359px; float: none !important;\"><span class=\"a-size-base a-text-bold\" style=\"font-weight: 700 !important; line-height: 20px !important;\">Special Feature</span></td><td class=\"a-span9\" style=\"vertical-align: top; padding: 3px 0px 0px 3px; width: 378.891px; float: none !important;\"><span class=\"a-size-base po-break-word\" style=\"word-break: break-word; line-height: 20px !important;\">Voice Activated Recording</span></td></tr></tbody></table></div>', '1 Year', NULL, NULL, NULL, NULL, NULL, '2024-08-21 04:44:13', '2024-08-21 04:44:13'),
(46, 50, NULL, NULL, '<div><table class=\"a-normal a-spacing-micro\" style=\"width: 513.25px; color: rgb(15, 17, 17); font-family: &quot;Amazon Ember&quot;, Arial, sans-serif; margin-bottom: 0px !important;\"><tbody><tr class=\"a-spacing-small po-recommended_uses_for_product\" style=\"margin-bottom: 8px !important;\"><td class=\"a-span3\" style=\"vertical-align: top; padding: 0px 3px 3px 0px; width: 122.922px; float: none !important;\"><span class=\"a-size-base a-text-bold\" style=\"font-weight: 700 !important; line-height: 20px !important;\">Recommended Uses For Product</span></td><td class=\"a-span9\" style=\"vertical-align: top; padding: 0px 0px 3px 3px; width: 390.328px; float: none !important;\"><span class=\"a-size-base po-break-word\" style=\"word-break: break-word; line-height: 20px !important;\">Streaming</span></td></tr><tr class=\"a-spacing-small po-brand\" style=\"margin-bottom: 8px !important;\"><td class=\"a-span3\" style=\"vertical-align: top; padding: 3px 3px 3px 0px; width: 122.922px; float: none !important;\"><span class=\"a-size-base a-text-bold\" style=\"font-weight: 700 !important; line-height: 20px !important;\">Brand</span></td><td class=\"a-span9\" style=\"vertical-align: top; padding: 3px 0px 3px 3px; width: 390.328px; float: none !important;\"><span class=\"a-size-base po-break-word\" style=\"word-break: break-word; line-height: 20px !important;\">BOYA</span></td></tr><tr class=\"a-spacing-small po-model_name\" style=\"margin-bottom: 8px !important;\"><td class=\"a-span3\" style=\"vertical-align: top; padding: 3px 3px 3px 0px; width: 122.922px; float: none !important;\"><span class=\"a-size-base a-text-bold\" style=\"font-weight: 700 !important; line-height: 20px !important;\">Model Name</span></td><td class=\"a-span9\" style=\"vertical-align: top; padding: 3px 0px 3px 3px; width: 390.328px; float: none !important;\"><span class=\"a-size-base po-break-word\" style=\"word-break: break-word; line-height: 20px !important;\">BOYA BY-W4</span></td></tr><tr class=\"a-spacing-small po-connectivity_technology\" style=\"margin-bottom: 8px !important;\"><td class=\"a-span3\" style=\"vertical-align: top; padding: 3px 3px 3px 0px; width: 122.922px; float: none !important;\"><span class=\"a-size-base a-text-bold\" style=\"font-weight: 700 !important; line-height: 20px !important;\">Connectivity Technology</span></td><td class=\"a-span9\" style=\"vertical-align: top; padding: 3px 0px 3px 3px; width: 390.328px; float: none !important;\"><span class=\"a-size-base po-break-word\" style=\"word-break: break-word; line-height: 20px !important;\">2.4GHz</span></td></tr><tr class=\"a-spacing-small po-connector_type\" style=\"margin-bottom: 8px !important;\"><td class=\"a-span3\" style=\"vertical-align: top; padding: 3px 3px 3px 0px; width: 122.922px; float: none !important;\"><span class=\"a-size-base a-text-bold\" style=\"font-weight: 700 !important; line-height: 20px !important;\">Connector Type</span></td><td class=\"a-span9\" style=\"vertical-align: top; padding: 3px 0px 3px 3px; width: 390.328px; float: none !important;\"><span class=\"a-size-base po-break-word\" style=\"word-break: break-word; line-height: 20px !important;\">3.5 mm Jack</span></td></tr><tr class=\"a-spacing-small po-special_feature\" style=\"margin-bottom: 8px !important;\"><td class=\"a-span3\" style=\"vertical-align: top; padding: 3px 3px 3px 0px; width: 122.922px; float: none !important;\"><span class=\"a-size-base a-text-bold\" style=\"font-weight: 700 !important; line-height: 20px !important;\">Special Feature</span></td><td class=\"a-span9\" style=\"vertical-align: top; padding: 3px 0px 3px 3px; width: 390.328px; float: none !important;\"><span class=\"a-size-base po-break-word\" style=\"word-break: break-word; line-height: 20px !important;\">Clip, Volume Control</span></td></tr><tr class=\"a-spacing-small po-compatible_devices\" style=\"margin-bottom: 8px !important;\"><td class=\"a-span3\" style=\"vertical-align: top; padding: 3px 3px 3px 0px; width: 122.922px; float: none !important;\"><span class=\"a-size-base a-text-bold\" style=\"font-weight: 700 !important; line-height: 20px !important;\">Compatible Devices</span></td><td class=\"a-span9\" style=\"vertical-align: top; padding: 3px 0px 3px 3px; width: 390.328px; float: none !important;\"><span class=\"a-size-base po-break-word\" style=\"word-break: break-word; line-height: 20px !important;\">Camera</span></td></tr><tr class=\"a-spacing-small po-color\" style=\"margin-bottom: 8px !important;\"><td class=\"a-span3\" style=\"vertical-align: top; padding: 3px 3px 3px 0px; width: 122.922px; float: none !important;\"><span class=\"a-size-base a-text-bold\" style=\"font-weight: 700 !important; line-height: 20px !important;\">Color</span></td><td class=\"a-span9\" style=\"vertical-align: top; padding: 3px 0px 3px 3px; width: 390.328px; float: none !important;\"><span class=\"a-size-base po-break-word\" style=\"word-break: break-word; line-height: 20px !important;\">Black3</span></td></tr><tr class=\"a-spacing-small po-included_components\" style=\"margin-bottom: 8px !important;\"><td class=\"a-span3\" style=\"vertical-align: top; padding: 3px 3px 3px 0px; width: 122.922px; float: none !important;\"><span class=\"a-size-base a-text-bold\" style=\"font-weight: 700 !important; line-height: 20px !important;\">Included Components</span></td><td class=\"a-span9\" style=\"vertical-align: top; padding: 3px 0px 3px 3px; width: 390.328px; float: none !important;\"><span class=\"a-size-base\" style=\"line-height: 20px !important;\"><span class=\"a-truncate po-truncate-attribute\" data-a-word-break=\"normal\" data-a-truncate-name=\"po-attribute-truncate-8\" data-a-max-rows=\"3\" data-a-overflow-marker=\"&amp;hellip;\" data-a-recalculate=\"false\" data-a-updated=\"true\" style=\"display: inline-block; position: relative; width: 387.328px; overflow: hidden; word-break: normal; max-height: 3.9em; line-height: 1.3em !important;\"><span class=\"a-truncate-full a-offscreen\" style=\"display: inline-block; width: 387.328px; opacity: 0; position: absolute !important; left: 0px !important; bottom: -1px !important; z-index: -1 !important;\">BY-W4 TX Transmitter *4, BY-W4 RX Receiver *1, 3.5mm TRRS to TRS Output Cable for Cameras *1, 3.5mm TRRS Male to Dual TRRS Female Cable *1, 3.5mm TRRS to TRRS Output Cable for Smartphones *1, USB-C Cable *3, Carrying Pouch *1</span><span class=\"a-truncate-cut\" aria-hidden=\"true\" style=\"display: inline-block; width: 387.328px; word-break: break-word; height: 3.9em;\">BY-W4 TX Transmitter *4, BY-W4 RX Receiver *1, 3.5mm TRRS to TRS Output Cable for Cameras *1, 3.5mm TRRS Male to Dual TRRS Female Cable *1, 3.5mm TRRS to TRRS</span></span>&nbsp;</span><span class=\"a-declarative\" data-action=\"a-modal\" data-csa-c-type=\"widget\" data-csa-c-func-deps=\"aui-da-a-modal\" data-a-modal=\"{&quot;max-height&quot;:&quot;400&quot;,&quot;width&quot;:&quot;800&quot;,&quot;header&quot;:&quot;Included Components&quot;,&quot;inlineContent&quot;:&quot;BY-W4 TX Transmitter *4, BY-W4 RX Receiver *1, 3.5mm TRRS to TRS Output Cable for Cameras *1, 3.5mm TRRS Male to Dual TRRS Female Cable *1, 3.5mm TRRS to TRRS Output Cable for Smartphones *1, USB-C Cable *3, Carrying Pouch *1&quot;}\" id=\"po-attribute-see-more-id-8\" data-csa-c-id=\"6y832s-iqx31v-n9wefm-2m44wf\">See more<i class=\"a-icon a-icon-popover\" style=\"background-image: url(&quot;https://m.media-amazon.com/images/S/sash/MV5yNztdnPUc5FB.png&quot;); background-size: 512px 512px; background-repeat: no-repeat; display: inline-block; vertical-align: middle; background-position: -226px -134px; height: 16px; width: 16px;\"></i></span></td></tr><tr class=\"a-spacing-small po-polar_pattern\" style=\"margin-bottom: 8px !important;\"><td class=\"a-span3\" style=\"vertical-align: top; padding: 3px 3px 0px 0px; width: 122.922px; float: none !important;\"><span class=\"a-size-base a-text-bold\" style=\"font-weight: 700 !important; line-height: 20px !important;\">Polar Pattern</span></td><td class=\"a-span9\" style=\"vertical-align: top; padding: 3px 0px 0px 3px; width: 390.328px; float: none !important;\"><span class=\"a-size-base po-break-word\" style=\"word-break: break-word; line-height: 20px !important;\">Omnidirectional</span></td></tr></tbody></table></div>', '1 Year', NULL, NULL, NULL, NULL, NULL, '2024-08-21 04:53:43', '2024-08-21 04:53:43'),
(47, 51, NULL, NULL, '<div><table class=\"a-normal a-spacing-micro\" style=\"width: 513.25px; color: rgb(15, 17, 17); font-family: &quot;Amazon Ember&quot;, Arial, sans-serif; margin-bottom: 0px !important;\"><tbody><tr class=\"a-spacing-small po-recommended_uses_for_product\" style=\"margin-bottom: 8px !important;\"><td class=\"a-span3\" style=\"vertical-align: top; padding: 0px 3px 3px 0px; width: 122.922px; float: none !important;\"><span class=\"a-size-base a-text-bold\" style=\"font-weight: 700 !important; line-height: 20px !important;\">Recommended Uses For Product</span></td><td class=\"a-span9\" style=\"vertical-align: top; padding: 0px 0px 3px 3px; width: 390.328px; float: none !important;\"><span class=\"a-size-base po-break-word\" style=\"word-break: break-word; line-height: 20px !important;\">Indoor/Outdoor, Streaming</span></td></tr><tr class=\"a-spacing-small po-brand\" style=\"margin-bottom: 8px !important;\"><td class=\"a-span3\" style=\"vertical-align: top; padding: 3px 3px 3px 0px; width: 122.922px; float: none !important;\"><span class=\"a-size-base a-text-bold\" style=\"font-weight: 700 !important; line-height: 20px !important;\">Brand</span></td><td class=\"a-span9\" style=\"vertical-align: top; padding: 3px 0px 3px 3px; width: 390.328px; float: none !important;\"><span class=\"a-size-base po-break-word\" style=\"word-break: break-word; line-height: 20px !important;\">BOYA</span></td></tr><tr class=\"a-spacing-small po-connectivity_technology\" style=\"margin-bottom: 8px !important;\"><td class=\"a-span3\" style=\"vertical-align: top; padding: 3px 3px 3px 0px; width: 122.922px; float: none !important;\"><span class=\"a-size-base a-text-bold\" style=\"font-weight: 700 !important; line-height: 20px !important;\">Connectivity Technology</span></td><td class=\"a-span9\" style=\"vertical-align: top; padding: 3px 0px 3px 3px; width: 390.328px; float: none !important;\"><span class=\"a-size-base po-break-word\" style=\"word-break: break-word; line-height: 20px !important;\">Auxiliary</span></td></tr><tr class=\"a-spacing-small po-connector_type\" style=\"margin-bottom: 8px !important;\"><td class=\"a-span3\" style=\"vertical-align: top; padding: 3px 3px 3px 0px; width: 122.922px; float: none !important;\"><span class=\"a-size-base a-text-bold\" style=\"font-weight: 700 !important; line-height: 20px !important;\">Connector Type</span></td><td class=\"a-span9\" style=\"vertical-align: top; padding: 3px 0px 3px 3px; width: 390.328px; float: none !important;\"><span class=\"a-size-base po-break-word\" style=\"word-break: break-word; line-height: 20px !important;\">3.5 mm Jack</span></td></tr><tr class=\"a-spacing-small po-special_feature\" style=\"margin-bottom: 8px !important;\"><td class=\"a-span3\" style=\"vertical-align: top; padding: 3px 3px 3px 0px; width: 122.922px; float: none !important;\"><span class=\"a-size-base a-text-bold\" style=\"font-weight: 700 !important; line-height: 20px !important;\">Special Feature</span></td><td class=\"a-span9\" style=\"vertical-align: top; padding: 3px 0px 3px 3px; width: 390.328px; float: none !important;\"><span class=\"a-size-base po-break-word\" style=\"word-break: break-word; line-height: 20px !important;\">Clip</span></td></tr><tr class=\"a-spacing-small po-compatible_devices\" style=\"margin-bottom: 8px !important;\"><td class=\"a-span3\" style=\"vertical-align: top; padding: 3px 3px 3px 0px; width: 122.922px; float: none !important;\"><span class=\"a-size-base a-text-bold\" style=\"font-weight: 700 !important; line-height: 20px !important;\">Compatible Devices</span></td><td class=\"a-span9\" style=\"vertical-align: top; padding: 3px 0px 3px 3px; width: 390.328px; float: none !important;\"><span class=\"a-size-base po-break-word\" style=\"word-break: break-word; line-height: 20px !important;\">Camcorder, Tablet, Camera, Headphone, Smartphone, Laptop, PC</span></td></tr><tr class=\"a-spacing-small po-color\" style=\"margin-bottom: 8px !important;\"><td class=\"a-span3\" style=\"vertical-align: top; padding: 3px 3px 3px 0px; width: 122.922px; float: none !important;\"><span class=\"a-size-base a-text-bold\" style=\"font-weight: 700 !important; line-height: 20px !important;\">Color</span></td><td class=\"a-span9\" style=\"vertical-align: top; padding: 3px 0px 3px 3px; width: 390.328px; float: none !important;\"><span class=\"a-size-base po-break-word\" style=\"word-break: break-word; line-height: 20px !important;\">Black</span></td></tr><tr class=\"a-spacing-small po-included_components\" style=\"margin-bottom: 8px !important;\"><td class=\"a-span3\" style=\"vertical-align: top; padding: 3px 3px 3px 0px; width: 122.922px; float: none !important;\"><span class=\"a-size-base a-text-bold\" style=\"font-weight: 700 !important; line-height: 20px !important;\">Included Components</span></td><td class=\"a-span9\" style=\"vertical-align: top; padding: 3px 0px 3px 3px; width: 390.328px; float: none !important;\"><span class=\"a-size-base po-break-word\" style=\"word-break: break-word; line-height: 20px !important;\">2 wireless transmitter, 1 receiver, 2 audio cables, 3 charging cables, Windshield, carrying pouch</span></td></tr><tr class=\"a-spacing-small po-polar_pattern\" style=\"margin-bottom: 8px !important;\"><td class=\"a-span3\" style=\"vertical-align: top; padding: 3px 3px 3px 0px; width: 122.922px; float: none !important;\"><span class=\"a-size-base a-text-bold\" style=\"font-weight: 700 !important; line-height: 20px !important;\">Polar Pattern</span></td><td class=\"a-span9\" style=\"vertical-align: top; padding: 3px 0px 3px 3px; width: 390.328px; float: none !important;\"><span class=\"a-size-base po-break-word\" style=\"word-break: break-word; line-height: 20px !important;\">Omnidirectional</span></td></tr><tr class=\"a-spacing-small po-item_weight\" style=\"margin-bottom: 8px !important;\"><td class=\"a-span3\" style=\"vertical-align: top; padding: 3px 3px 0px 0px; width: 122.922px; float: none !important;\"><span class=\"a-size-base a-text-bold\" style=\"font-weight: 700 !important; line-height: 20px !important;\">Item Weight</span></td><td class=\"a-span9\" style=\"vertical-align: top; padding: 3px 0px 0px 3px; width: 390.328px; float: none !important;\"><span class=\"a-size-base po-break-word\" style=\"word-break: break-word; line-height: 20px !important;\">390 Grams</span></td></tr></tbody></table></div>', '1 Year', NULL, NULL, NULL, NULL, NULL, '2024-08-21 05:02:11', '2024-08-21 05:02:11'),
(48, 52, NULL, NULL, '<div><div id=\"featurebullets_feature_div\" class=\"celwidget\" data-feature-name=\"featurebullets\" data-csa-c-type=\"widget\" data-csa-c-content-id=\"featurebullets\" data-csa-c-slot-id=\"featurebullets_feature_div\" data-csa-c-asin=\"B0B2X25CTD\" data-csa-c-is-in-initial-active-row=\"false\" data-csa-c-id=\"vnvxu9-1b70ev-8qdv4l-deeuug\" data-cel-widget=\"featurebullets_feature_div\" style=\"color: rgb(15, 17, 17); font-family: &quot;Amazon Ember&quot;, Arial, sans-serif;\"><div id=\"feature-bullets\" class=\"a-section a-spacing-medium a-spacing-top-small\" style=\"margin-top: 8px !important;\"><h1 class=\"a-size-base-plus a-text-bold\" style=\"padding-bottom: 4px; margin-bottom: 0px; text-rendering: optimizelegibility; font-weight: 700 !important; font-size: 16px !important; line-height: 24px !important;\">About this item</h1><ul class=\"a-unordered-list a-vertical a-spacing-mini\" style=\"margin: 0px 0px 0px 18px;\"><li class=\"a-spacing-mini\" style=\"list-style: disc; overflow-wrap: break-word;\"><span class=\"a-list-item\">COMPACT WITH BI-COLOR PUNCH - Strikingly compact and lightweight considering the powerful light output it provides, the Forza 150B has a bi-color CCT range of 2700K-6500K and can be dimmed from 0 to 100%. The separately available FL-11 fresnel lens increases the output to 54,290 Lux (5,043 fc).</span></li><li class=\"a-spacing-mini\" style=\"list-style: disc; overflow-wrap: break-word;\"><span class=\"a-list-item\">MANY POWER OPTIONS - Optimized for use in the studio or on location, Forza 150B runs on the included AC adapter or a 14.8w or 26V V-Mount battery (Not Included). A V-Mount battery handgrip is included and a locking XLR power connector helps avoid unintentional disconnections.</span></li><li class=\"a-spacing-mini\" style=\"list-style: disc; overflow-wrap: break-word;\"><span class=\"a-list-item\">ALWAYS COLOR ACCURATE - If your light isnt reliably accurate you will have problems in post production. Forza 150B features a CRI of 96 and TLCI of 98, so you can always shoot with confidence knowing the color reproduction will be precise.</span></li><li class=\"a-spacing-mini\" style=\"list-style: disc; overflow-wrap: break-word;\"><span class=\"a-list-item\">FM MOUNT AND BOWENS MOUNT - The Forza 150B features the compact FM Mount, which has a wide variety of dedicated modifiers and attachments. A Bowens-mount adapter that fits inside the travel case is included so you can utilize a vast number of light-shaping tools.</span></li><li class=\"a-spacing-mini\" style=\"list-style: disc; overflow-wrap: break-word;\"><span class=\"a-list-item\">STAND AND SOUND FRIENDLY - A 5/8\" mount lets you attach to any standard light stand, and the silent fan keeps the unit cool and wont interfere with audio recording on quiet sets.</span></li><li></li></ul></div></div><div id=\"acf-carousel_feature_div\" class=\"celwidget\" data-feature-name=\"acf-carousel\" data-csa-c-type=\"widget\" data-csa-c-content-id=\"acf-carousel\" data-csa-c-slot-id=\"acf-carousel_feature_div\" data-csa-c-asin=\"B0B2X25CTD\" data-csa-c-is-in-initial-active-row=\"false\" data-csa-c-id=\"p016hh-m1ve4s-jj9g7t-uysmk2\" data-cel-widget=\"acf-carousel_feature_div\" style=\"color: rgb(15, 17, 17); font-family: &quot;Amazon Ember&quot;, Arial, sans-serif;\"></div><div id=\"provenanceCertifications_feature_div\" class=\"celwidget\" data-feature-name=\"provenanceCertifications\" data-csa-c-type=\"widget\" data-csa-c-content-id=\"provenanceCertifications\" data-csa-c-slot-id=\"provenanceCertifications_feature_div\" data-csa-c-asin=\"B0B2X25CTD\" data-csa-c-is-in-initial-active-row=\"false\" data-csa-c-id=\"42a8j-i7c9y4-e34p2e-stuii3\" data-cel-widget=\"provenanceCertifications_feature_div\" style=\"color: rgb(15, 17, 17); font-family: &quot;Amazon Ember&quot;, Arial, sans-serif;\"></div><div id=\"handmadeArtisanCard_feature_div\" class=\"celwidget\" data-feature-name=\"handmadeArtisanCard\" data-csa-c-type=\"widget\" data-csa-c-content-id=\"handmadeArtisanCard\" data-csa-c-slot-id=\"handmadeArtisanCard_feature_div\" data-csa-c-asin=\"B0B2X25CTD\" data-csa-c-is-in-initial-active-row=\"false\" data-csa-c-id=\"x3dvi2-fs090u-54h77h-nru1a9\" data-cel-widget=\"handmadeArtisanCard_feature_div\" style=\"color: rgb(15, 17, 17); font-family: &quot;Amazon Ember&quot;, Arial, sans-serif;\"></div><div id=\"billOfMaterial_feature_div\" class=\"celwidget\" data-feature-name=\"billOfMaterial\" data-csa-c-type=\"widget\" data-csa-c-content-id=\"billOfMaterial\" data-csa-c-slot-id=\"billOfMaterial_feature_div\" data-csa-c-asin=\"B0B2X25CTD\" data-csa-c-is-in-initial-active-row=\"false\" data-csa-c-id=\"vm7wr9-4roadx-4538yt-o74odp\" data-cel-widget=\"billOfMaterial_feature_div\" style=\"color: rgb(15, 17, 17); font-family: &quot;Amazon Ember&quot;, Arial, sans-serif;\"></div><div id=\"globalStoreInfoBullets_feature_div\" class=\"celwidget\" data-feature-name=\"globalStoreInfoBullets\" data-csa-c-type=\"widget\" data-csa-c-content-id=\"globalStoreInfoBullets\" data-csa-c-slot-id=\"globalStoreInfoBullets_feature_div\" data-csa-c-asin=\"B0B2X25CTD\" data-csa-c-is-in-initial-active-row=\"false\" data-csa-c-id=\"n45ib0-fchsbf-nya5ie-12mbb9\" data-cel-widget=\"globalStoreInfoBullets_feature_div\" style=\"color: rgb(15, 17, 17); font-family: &quot;Amazon Ember&quot;, Arial, sans-serif;\"></div><div id=\"addOnItem_feature_div\" class=\"celwidget\" data-feature-name=\"addOnItem\" data-csa-c-type=\"widget\" data-csa-c-content-id=\"addOnItem\" data-csa-c-slot-id=\"addOnItem_feature_div\" data-csa-c-asin=\"B0B2X25CTD\" data-csa-c-is-in-initial-active-row=\"false\" data-csa-c-id=\"8uujcd-uc86xo-bmf32h-kloljz\" data-cel-widget=\"addOnItem_feature_div\" style=\"color: rgb(15, 17, 17); font-family: &quot;Amazon Ember&quot;, Arial, sans-serif;\"></div><div id=\"giftcard-holiday-availability-messaging_feature_div\" class=\"celwidget\" data-feature-name=\"giftCardHolidayAvailabilityMessaging\" data-csa-c-type=\"widget\" data-csa-c-content-id=\"giftCardHolidayAvailabilityMessaging\" data-csa-c-slot-id=\"giftcard-holiday-availability-messaging_feature_div\" data-csa-c-asin=\"B0B2X25CTD\" data-csa-c-is-in-initial-active-row=\"false\" data-csa-c-id=\"whh8eq-8fb8an-ux4mih-g5py8l\" data-cel-widget=\"giftcard-holiday-availability-messaging_feature_div\" style=\"color: rgb(15, 17, 17); font-family: &quot;Amazon Ember&quot;, Arial, sans-serif;\"></div><div id=\"andonCord_feature_div\" class=\"celwidget\" data-feature-name=\"andonCord\" data-csa-c-type=\"widget\" data-csa-c-content-id=\"andonCord\" data-csa-c-slot-id=\"andonCord_feature_div\" data-csa-c-asin=\"B0B2X25CTD\" data-csa-c-is-in-initial-active-row=\"false\" data-csa-c-id=\"t93txe-stsrm6-rdc1ev-dtyagb\" data-cel-widget=\"andonCord_feature_div\" style=\"color: rgb(15, 17, 17); font-family: &quot;Amazon Ember&quot;, Arial, sans-serif;\"></div><div id=\"olp_feature_div\" class=\"celwidget\" data-feature-name=\"olp\" data-csa-c-type=\"widget\" data-csa-c-content-id=\"olp\" data-csa-c-slot-id=\"olp_feature_div\" data-csa-c-asin=\"B0B2X25CTD\" data-csa-c-is-in-initial-active-row=\"false\" data-csa-c-id=\"rvzxjj-50ci9d-eqtpjd-gyry6l\" data-cel-widget=\"olp_feature_div\" style=\"color: rgb(15, 17, 17); font-family: &quot;Amazon Ember&quot;, Arial, sans-serif;\"></div></div>', '1 Year', NULL, NULL, NULL, NULL, NULL, '2024-08-21 05:16:43', '2024-08-21 05:16:43'),
(49, 53, NULL, NULL, '<div><div id=\"sku-description\" class=\"in-one\" style=\"font-family: Inter, sans-serif; font-size: 13px; line-height: 19px; color: rgb(153, 153, 153); -webkit-font-smoothing: antialiased; text-rendering: optimizelegibility;\">BOYAMIC is a portable 2.4 GHz wireless microphone system. It features high-performance noise cancellation, which is available for improving the recording effect in a noisy environment. It also boasts a remarkable onboard recording which is available for storing your recording files in real-time. BOYAMIC is perfect for live streaming, vlogging, mobile journalism, and more. What\'s more, equipped with a low-cut filter, the wireless microphone can eliminate unwanted low-frequency noise (75 Hz / 150 Hz or lower) in your recording.</div><div class=\"key-features\" style=\"margin-top: 40px; font-family: Inter, sans-serif; line-height: 21px; color: rgb(0, 0, 0); -webkit-font-smoothing: antialiased; text-rendering: optimizelegibility;\"><h2 style=\"margin-bottom: 0px; font-size: 14px; font-weight: revert; font-family: Inter, sans-serif; -webkit-font-smoothing: antialiased; text-rendering: optimizelegibility;\">Key features</h2><div id=\"sku-selling-point\" style=\"-webkit-font-smoothing: antialiased; text-rendering: optimizelegibility;\"><ul style=\"margin: 0px; padding: 15px; font-family: Inter; font-size: 13px; line-height: 20px; color: rgb(153, 153, 153);\"><li style=\"list-style-position: initial; list-style-image: initial; list-style-type: disc !important;\">Up to 300 meters of wireless transmission.</li><li style=\"list-style-position: initial; list-style-image: initial; list-style-type: disc !important;\">Separate noise cancellation control - 48 kHz / 24-bit HD audio format retained.</li><li style=\"list-style-position: initial; list-style-image: initial; list-style-type: disc !important;\">Wide-range 20 - 20,000 Hz frequency response - deliver exceptional high-quality sound.</li><li style=\"list-style-position: initial; list-style-image: initial; list-style-type: disc !important;\">8G memory storage &amp; up to 15 hours of recording.</li><li style=\"list-style-position: initial; list-style-image: initial; list-style-type: disc !important;\">Up to 10 hours of operating time (about 6 hours when the onboard recording is enabled).</li><li style=\"list-style-position: initial; list-style-image: initial; list-style-type: disc !important;\">Comes with a windproof capsule - minimize unwanted wind noise.</li><li style=\"list-style-position: initial; list-style-image: initial; list-style-type: disc !important;\">Attach the transmitter to your clothes with the included magnet.</li><li style=\"list-style-position: initial; list-style-image: initial; list-style-type: disc !important;\">Rotating clasp-type fur windshield, not easy to fall off.</li><li style=\"list-style-position: initial; list-style-image: initial; list-style-type: disc !important;\">Receivers 3.5 mm headphone output - monitor your audio in real-time or playback audio.</li></ul></div></div></div>', '1 Year', NULL, NULL, NULL, NULL, NULL, '2024-08-21 05:51:46', '2024-08-21 05:54:56');
INSERT INTO `product_infos` (`id`, `product_id`, `product_size`, `short_descp`, `long_descp`, `warranty`, `url`, `new`, `hot`, `sale`, `best_sale`, `created_at`, `updated_at`) VALUES
(50, 54, NULL, NULL, '<div><table class=\"a-normal a-spacing-micro\" style=\"width: 513.25px; color: rgb(15, 17, 17); font-family: &quot;Amazon Ember&quot;, Arial, sans-serif; margin-bottom: 0px !important;\"><tbody><tr class=\"a-spacing-small po-recommended_uses_for_product\" style=\"margin-bottom: 8px !important;\"><td class=\"a-span3\" style=\"vertical-align: top; padding: 0px 3px 3px 0px; width: 122.922px; float: none !important;\"><span class=\"a-size-base a-text-bold\" style=\"font-weight: 700 !important; line-height: 20px !important;\">Recommended Uses For Product</span></td><td class=\"a-span9\" style=\"vertical-align: top; padding: 0px 0px 3px 3px; width: 390.328px; float: none !important;\"><span class=\"a-size-base po-break-word\" style=\"word-break: break-word; line-height: 20px !important;\">Streaming</span></td></tr><tr class=\"a-spacing-small po-brand\" style=\"margin-bottom: 8px !important;\"><td class=\"a-span3\" style=\"vertical-align: top; padding: 3px 3px 3px 0px; width: 122.922px; float: none !important;\"><span class=\"a-size-base a-text-bold\" style=\"font-weight: 700 !important; line-height: 20px !important;\">Brand</span></td><td class=\"a-span9\" style=\"vertical-align: top; padding: 3px 0px 3px 3px; width: 390.328px; float: none !important;\"><span class=\"a-size-base po-break-word\" style=\"word-break: break-word; line-height: 20px !important;\">BOYA</span></td></tr><tr class=\"a-spacing-small po-connectivity_technology\" style=\"margin-bottom: 8px !important;\"><td class=\"a-span3\" style=\"vertical-align: top; padding: 3px 3px 3px 0px; width: 122.922px; float: none !important;\"><span class=\"a-size-base a-text-bold\" style=\"font-weight: 700 !important; line-height: 20px !important;\">Connectivity Technology</span></td><td class=\"a-span9\" style=\"vertical-align: top; padding: 3px 0px 3px 3px; width: 390.328px; float: none !important;\"><span class=\"a-size-base po-break-word\" style=\"word-break: break-word; line-height: 20px !important;\">XLR</span></td></tr><tr class=\"a-spacing-small po-connector_type\" style=\"margin-bottom: 8px !important;\"><td class=\"a-span3\" style=\"vertical-align: top; padding: 3px 3px 3px 0px; width: 122.922px; float: none !important;\"><span class=\"a-size-base a-text-bold\" style=\"font-weight: 700 !important; line-height: 20px !important;\">Connector Type</span></td><td class=\"a-span9\" style=\"vertical-align: top; padding: 3px 0px 3px 3px; width: 390.328px; float: none !important;\"><span class=\"a-size-base po-break-word\" style=\"word-break: break-word; line-height: 20px !important;\">XLR</span></td></tr><tr class=\"a-spacing-small po-special_feature\" style=\"margin-bottom: 8px !important;\"><td class=\"a-span3\" style=\"vertical-align: top; padding: 3px 3px 3px 0px; width: 122.922px; float: none !important;\"><span class=\"a-size-base a-text-bold\" style=\"font-weight: 700 !important; line-height: 20px !important;\">Special Feature</span></td><td class=\"a-span9\" style=\"vertical-align: top; padding: 3px 0px 3px 3px; width: 390.328px; float: none !important;\"><span class=\"a-size-base po-break-word\" style=\"word-break: break-word; line-height: 20px !important;\">Stand</span></td></tr><tr class=\"a-spacing-small po-compatible_devices\" style=\"margin-bottom: 8px !important;\"><td class=\"a-span3\" style=\"vertical-align: top; padding: 3px 3px 3px 0px; width: 122.922px; float: none !important;\"><span class=\"a-size-base a-text-bold\" style=\"font-weight: 700 !important; line-height: 20px !important;\">Compatible Devices</span></td><td class=\"a-span9\" style=\"vertical-align: top; padding: 3px 0px 3px 3px; width: 390.328px; float: none !important;\"><span class=\"a-size-base po-break-word\" style=\"word-break: break-word; line-height: 20px !important;\">Camcorder, Camera, Smartphone</span></td></tr><tr class=\"a-spacing-small po-color\" style=\"margin-bottom: 8px !important;\"><td class=\"a-span3\" style=\"vertical-align: top; padding: 3px 3px 3px 0px; width: 122.922px; float: none !important;\"><span class=\"a-size-base a-text-bold\" style=\"font-weight: 700 !important; line-height: 20px !important;\">Color</span></td><td class=\"a-span9\" style=\"vertical-align: top; padding: 3px 0px 3px 3px; width: 390.328px; float: none !important;\"><span class=\"a-size-base po-break-word\" style=\"word-break: break-word; line-height: 20px !important;\">Black</span></td></tr><tr class=\"a-spacing-small po-included_components\" style=\"margin-bottom: 8px !important;\"><td class=\"a-span3\" style=\"vertical-align: top; padding: 3px 3px 3px 0px; width: 122.922px; float: none !important;\"><span class=\"a-size-base a-text-bold\" style=\"font-weight: 700 !important; line-height: 20px !important;\">Included Components</span></td><td class=\"a-span9\" style=\"vertical-align: top; padding: 3px 0px 3px 3px; width: 390.328px; float: none !important;\"><span class=\"a-size-base po-break-word\" style=\"word-break: break-word; line-height: 20px !important;\">Shotgun Microphone, shock mount, fur windscreen, foam windscreen</span></td></tr><tr class=\"a-spacing-small po-polar_pattern\" style=\"margin-bottom: 8px !important;\"><td class=\"a-span3\" style=\"vertical-align: top; padding: 3px 3px 3px 0px; width: 122.922px; float: none !important;\"><span class=\"a-size-base a-text-bold\" style=\"font-weight: 700 !important; line-height: 20px !important;\">Polar Pattern</span></td><td class=\"a-span9\" style=\"vertical-align: top; padding: 3px 0px 3px 3px; width: 390.328px; float: none !important;\"><span class=\"a-size-base po-break-word\" style=\"word-break: break-word; line-height: 20px !important;\">Super Cardioid</span></td></tr><tr class=\"a-spacing-small po-item_weight\" style=\"margin-bottom: 8px !important;\"><td class=\"a-span3\" style=\"vertical-align: top; padding: 3px 3px 0px 0px; width: 122.922px; float: none !important;\"><span class=\"a-size-base a-text-bold\" style=\"font-weight: 700 !important; line-height: 20px !important;\">Item Weight</span></td><td class=\"a-span9\" style=\"vertical-align: top; padding: 3px 0px 0px 3px; width: 390.328px; float: none !important;\"><span class=\"a-size-base po-break-word\" style=\"word-break: break-word; line-height: 20px !important;\">230 Grams</span></td></tr></tbody></table></div>', '1 Year', NULL, NULL, NULL, NULL, NULL, '2024-08-21 06:09:39', '2024-08-21 06:11:20'),
(51, 55, NULL, NULL, '<div class=\"product-form__text\" style=\"-webkit-font-smoothing: antialiased; word-break: break-all; position: relative; color: rgb(0, 0, 0); font-family: Zurich, sans-serif; font-size: 17px;\"><div class=\"product-form__text\" style=\"-webkit-font-smoothing: antialiased; word-break: break-all; position: relative;\"><table class=\"a-normal a-spacing-micro\" style=\"width: 513.25px; color: rgb(15, 17, 17); font-family: &quot;Amazon Ember&quot;, Arial, sans-serif; font-size: 14px; margin-bottom: 0px !important;\"><tbody><tr class=\"a-spacing-small po-recommended_uses_for_product\" style=\"margin-bottom: 8px !important;\"><td class=\"a-span3\" style=\"vertical-align: top; padding: 0px 3px 3px 0px; width: 122.922px; float: none !important;\"><span class=\"a-size-base a-text-bold\" style=\"font-weight: 700 !important; line-height: 20px !important;\">ses For Product</span></td><td class=\"a-span9\" style=\"vertical-align: top; padding: 0px 0px 3px 3px; width: 390.328px; float: none !important;\"><span class=\"a-size-base po-break-word\" style=\"word-break: break-word; line-height: 20px !important;\">Streaming, Singing</span></td></tr><tr class=\"a-spacing-small po-brand\" style=\"margin-bottom: 8px !important;\"><td class=\"a-span3\" style=\"vertical-align: top; padding: 3px 3px 3px 0px; width: 122.922px; float: none !important;\"><span class=\"a-size-base a-text-bold\" style=\"font-weight: 700 !important; line-height: 20px !important;\">Brand</span></td><td class=\"a-span9\" style=\"vertical-align: top; padding: 3px 0px 3px 3px; width: 390.328px; float: none !important;\"><span class=\"a-size-base po-break-word\" style=\"word-break: break-word; line-height: 20px !important;\">MAONO</span></td></tr><tr class=\"a-spacing-small po-model_name\" style=\"margin-bottom: 8px !important;\"><td class=\"a-span3\" style=\"vertical-align: top; padding: 3px 3px 3px 0px; width: 122.922px; float: none !important;\"><span class=\"a-size-base a-text-bold\" style=\"font-weight: 700 !important; line-height: 20px !important;\">Model Name</span></td><td class=\"a-span9\" style=\"vertical-align: top; padding: 3px 0px 3px 3px; width: 390.328px; float: none !important;\"><span class=\"a-size-base po-break-word\" style=\"word-break: break-word; line-height: 20px !important;\">PM500 XLR Condenser Microphone</span></td></tr><tr class=\"a-spacing-small po-connectivity_technology\" style=\"margin-bottom: 8px !important;\"><td class=\"a-span3\" style=\"vertical-align: top; padding: 3px 3px 3px 0px; width: 122.922px; float: none !important;\"><span class=\"a-size-base a-text-bold\" style=\"font-weight: 700 !important; line-height: 20px !important;\">Connectivity Technology</span></td><td class=\"a-span9\" style=\"vertical-align: top; padding: 3px 0px 3px 3px; width: 390.328px; float: none !important;\"><span class=\"a-size-base po-break-word\" style=\"word-break: break-word; line-height: 20px !important;\">XLR</span></td></tr><tr class=\"a-spacing-small po-connector_type\" style=\"margin-bottom: 8px !important;\"><td class=\"a-span3\" style=\"vertical-align: top; padding: 3px 3px 3px 0px; width: 122.922px; float: none !important;\"><span class=\"a-size-base a-text-bold\" style=\"font-weight: 700 !important; line-height: 20px !important;\">Connector Type</span></td><td class=\"a-span9\" style=\"vertical-align: top; padding: 3px 0px 3px 3px; width: 390.328px; float: none !important;\"><span class=\"a-size-base po-break-word\" style=\"word-break: break-word; line-height: 20px !important;\">XLR</span></td></tr><tr class=\"a-spacing-small po-special_feature\" style=\"margin-bottom: 8px !important;\"><td class=\"a-span3\" style=\"vertical-align: top; padding: 3px 3px 3px 0px; width: 122.922px; float: none !important;\"><span class=\"a-size-base a-text-bold\" style=\"font-weight: 700 !important; line-height: 20px !important;\">Special Feature</span></td><td class=\"a-span9\" style=\"vertical-align: top; padding: 3px 0px 3px 3px; width: 390.328px; float: none !important;\"><span class=\"a-size-base\" style=\"line-height: 20px !important;\"><span class=\"a-truncate po-truncate-attribute\" data-a-word-break=\"normal\" data-a-truncate-name=\"po-attribute-truncate-5\" data-a-max-rows=\"3\" data-a-overflow-marker=\"&amp;hellip;\" data-a-recalculate=\"false\" data-a-updated=\"true\" style=\"display: inline-block; position: relative; width: 387.328px; overflow: hidden; word-break: normal; max-height: 3.9em; line-height: 1.3em !important;\"><span class=\"a-truncate-full a-offscreen\" style=\"display: inline-block; width: 387.328px; opacity: 0; position: absolute !important; left: 0px !important; bottom: -1px !important; z-index: -1 !important;\">custom-designed 34MM Large-diaphragm/ wide dynamic range of 20Hz - 20KHz/Premium Metal Structure/XLR interface</span><span class=\"a-truncate-cut\" aria-hidden=\"true\" style=\"display: inline-block; width: 387.328px; word-break: break-word; height: auto;\">custom-designed 34MM Large-diaphragm/ wide dynamic range of 20Hz - 20KHz/Premium Metal Structure/XLR interface</span></span></span></td></tr><tr class=\"a-spacing-small po-compatible_devices\" style=\"margin-bottom: 8px !important;\"><td class=\"a-span3\" style=\"vertical-align: top; padding: 3px 3px 3px 0px; width: 122.922px; float: none !important;\"><span class=\"a-size-base a-text-bold\" style=\"font-weight: 700 !important; line-height: 20px !important;\">Compatible Devices</span></td><td class=\"a-span9\" style=\"vertical-align: top; padding: 3px 0px 3px 3px; width: 390.328px; float: none !important;\"><span class=\"a-size-base po-break-word\" style=\"word-break: break-word; line-height: 20px !important;\">Connect with the PC/ Laptop through 48V phantom power, audio interface, sound card</span></td></tr><tr class=\"a-spacing-small po-color\" style=\"margin-bottom: 8px !important;\"><td class=\"a-span3\" style=\"vertical-align: top; padding: 3px 3px 3px 0px; width: 122.922px; float: none !important;\"><span class=\"a-size-base a-text-bold\" style=\"font-weight: 700 !important; line-height: 20px !important;\">Color</span></td><td class=\"a-span9\" style=\"vertical-align: top; padding: 3px 0px 3px 3px; width: 390.328px; float: none !important;\"><span class=\"a-size-base po-break-word\" style=\"word-break: break-word; line-height: 20px !important;\">Black</span></td></tr><tr class=\"a-spacing-small po-included_components\" style=\"margin-bottom: 8px !important;\"><td class=\"a-span3\" style=\"vertical-align: top; padding: 3px 3px 3px 0px; width: 122.922px; float: none !important;\"><span class=\"a-size-base a-text-bold\" style=\"font-weight: 700 !important; line-height: 20px !important;\">Included Components</span></td><td class=\"a-span9\" style=\"vertical-align: top; padding: 3px 0px 3px 3px; width: 390.328px; float: none !important;\"><span class=\"a-size-base\" style=\"line-height: 20px !important;\"><span class=\"a-truncate po-truncate-attribute\" data-a-word-break=\"normal\" data-a-truncate-name=\"po-attribute-truncate-8\" data-a-max-rows=\"3\" data-a-overflow-marker=\"&amp;hellip;\" data-a-recalculate=\"false\" data-a-updated=\"true\" style=\"display: inline-block; position: relative; width: 387.328px; overflow: hidden; word-break: normal; max-height: 3.9em; line-height: 1.3em !important;\"><span class=\"a-truncate-full a-offscreen\" style=\"display: inline-block; width: 387.328px; opacity: 0; position: absolute !important; left: 0px !important; bottom: -1px !important; z-index: -1 !important;\">XLR condenser microphone*1, metal desktop stand*1, shock mount*1, metal pop filter*1, XLR to XLR cable*1, User manual*1, and 12 months warranty service.</span><span class=\"a-truncate-cut\" aria-hidden=\"true\" style=\"display: inline-block; width: 387.328px; word-break: break-word; height: auto;\">XLR condenser microphone*1, metal desktop stand*1, shock mount*1, metal pop filter*1, XLR to XLR cable*1, User manual*1, and 12 months warranty service.</span></span></span></td></tr><tr class=\"a-spacing-small po-polar_pattern\" style=\"margin-bottom: 8px !important;\"><td class=\"a-span3\" style=\"vertical-align: top; padding: 3px 3px 0px 0px; width: 122.922px; float: none !important;\"><span class=\"a-size-base a-text-bold\" style=\"font-weight: 700 !important; line-height: 20px !important;\">Polar Pattern</span></td><td class=\"a-span9\" style=\"vertical-align: top; padding: 3px 0px 0px 3px; width: 390.328px; float: none !important;\"><span class=\"a-size-base po-break-word\" style=\"word-break: break-word; line-height: 20px !important;\">Unidirectional</span></td></tr></tbody></table></div></div>', '1 Year', NULL, NULL, NULL, NULL, NULL, '2024-08-21 06:20:57', '2024-08-21 06:20:57'),
(52, 56, NULL, NULL, '<div><div id=\"productOverview_feature_div\" class=\"celwidget\" data-feature-name=\"productOverview\" data-csa-c-type=\"widget\" data-csa-c-content-id=\"productOverview\" data-csa-c-slot-id=\"productOverview_feature_div\" data-csa-c-asin=\"B09LCL456X\" data-csa-c-is-in-initial-active-row=\"false\" data-csa-c-id=\"1vtg3i-euk86j-wwwbj-uxrvec\" data-cel-widget=\"productOverview_feature_div\" style=\"color: rgb(15, 17, 17); font-family: &quot;Amazon Ember&quot;, Arial, sans-serif;\"><div class=\"a-section a-spacing-small a-spacing-top-small\" style=\"margin-top: 8px !important;\"><table class=\"a-normal a-spacing-micro\" style=\"width: 513.25px; margin-bottom: 0px !important;\"><tbody><tr class=\"a-spacing-small po-recommended_uses_for_product\" style=\"margin-bottom: 8px !important;\"><td class=\"a-span3\" style=\"vertical-align: top; padding: 0px 3px 3px 0px; width: 134.359px; float: none !important;\"><span class=\"a-size-base a-text-bold\" style=\"font-weight: 700 !important; line-height: 20px !important;\">ses For Product</span></td><td class=\"a-span9\" style=\"vertical-align: top; padding: 0px 0px 3px 3px; width: 378.891px; float: none !important;\"><span class=\"a-size-base po-break-word\" style=\"word-break: break-word; line-height: 20px !important;\">Vlogging, Podcast, Recording, Gaming</span></td></tr><tr class=\"a-spacing-small po-brand\" style=\"margin-bottom: 8px !important;\"><td class=\"a-span3\" style=\"vertical-align: top; padding: 3px 3px 3px 0px; width: 134.359px; float: none !important;\"><span class=\"a-size-base a-text-bold\" style=\"font-weight: 700 !important; line-height: 20px !important;\">Brand</span></td><td class=\"a-span9\" style=\"vertical-align: top; padding: 3px 0px 3px 3px; width: 378.891px; float: none !important;\"><span class=\"a-size-base po-break-word\" style=\"word-break: break-word; line-height: 20px !important;\">MAONO</span></td></tr><tr class=\"a-spacing-small po-model_name\" style=\"margin-bottom: 8px !important;\"><td class=\"a-span3\" style=\"vertical-align: top; padding: 3px 3px 3px 0px; width: 134.359px; float: none !important;\"><span class=\"a-size-base a-text-bold\" style=\"font-weight: 700 !important; line-height: 20px !important;\">Model Name</span></td><td class=\"a-span9\" style=\"vertical-align: top; padding: 3px 0px 3px 3px; width: 378.891px; float: none !important;\"><span class=\"a-size-base po-break-word\" style=\"word-break: break-word; line-height: 20px !important;\">AUPM360TR</span></td></tr><tr class=\"a-spacing-small po-connectivity_technology\" style=\"margin-bottom: 8px !important;\"><td class=\"a-span3\" style=\"vertical-align: top; padding: 3px 3px 3px 0px; width: 134.359px; float: none !important;\"><span class=\"a-size-base a-text-bold\" style=\"font-weight: 700 !important; line-height: 20px !important;\">Connectivity Technology</span></td><td class=\"a-span9\" style=\"vertical-align: top; padding: 3px 0px 3px 3px; width: 378.891px; float: none !important;\"><span class=\"a-size-base po-break-word\" style=\"word-break: break-word; line-height: 20px !important;\">Auxiliary</span></td></tr><tr class=\"a-spacing-small po-connector_type\" style=\"margin-bottom: 8px !important;\"><td class=\"a-span3\" style=\"vertical-align: top; padding: 3px 3px 0px 0px; width: 134.359px; float: none !important;\"><span class=\"a-size-base a-text-bold\" style=\"font-weight: 700 !important; line-height: 20px !important;\">Connector Type</span></td><td class=\"a-span9\" style=\"vertical-align: top; padding: 3px 0px 0px 3px; width: 378.891px; float: none !important;\"><span class=\"a-size-base po-break-word\" style=\"word-break: break-word; line-height: 20px !important;\">XLR to 1/4-Inch</span></td></tr></tbody></table></div></div><div id=\"featurebullets_feature_div\" class=\"celwidget\" data-feature-name=\"featurebullets\" data-csa-c-type=\"widget\" data-csa-c-content-id=\"featurebullets\" data-csa-c-slot-id=\"featurebullets_feature_div\" data-csa-c-asin=\"B09LCL456X\" data-csa-c-is-in-initial-active-row=\"false\" data-csa-c-id=\"ma1fnq-3geftm-173k29-e48uwn\" data-cel-widget=\"featurebullets_feature_div\" style=\"color: rgb(15, 17, 17); font-family: &quot;Amazon Ember&quot;, Arial, sans-serif;\"><div id=\"feature-bullets\" class=\"a-section a-spacing-medium a-spacing-top-small\" style=\"margin-top: 8px !important;\"><hr style=\"box-sizing: border-box; border-top-color: rgb(187, 191, 191); line-height: 19px; margin-bottom: 14px; margin-top: 0px;\"><h1 class=\"a-size-base-plus a-text-bold\" style=\"padding-bottom: 4px; margin-bottom: 0px; text-rendering: optimizelegibility; font-weight: 700 !important; font-size: 16px !important; line-height: 24px !important;\">About this item</h1><ul class=\"a-unordered-list a-vertical a-spacing-mini\" style=\"margin: 0px 0px 0px 18px;\"><li class=\"a-spacing-mini\" style=\"list-style: disc; overflow-wrap: break-word;\"><span class=\"a-list-item\">EXCELLENT SOUND QUALITY: The Condenser mic has Cardioid Pick-up Pattern, which lets you capture the clear and smooth sound. Meanwhile, it suppresses unwanted background noise</span></li><li class=\"a-spacing-mini\" style=\"list-style: disc; overflow-wrap: break-word;\"><span class=\"a-list-item\">PLAY AND PLUG: No additional driver software or external devices is required, the USB microphone can be immediately recognized by Mac or Windows system and begin recording in less than a minute</span></li><li class=\"a-spacing-mini\" style=\"list-style: disc; overflow-wrap: break-word;\"><span class=\"a-list-item\">STABLE TRIPOD: Premium construction design podcasting microphone with a stable tripod stand is convenient when you are doing voice overs or live streams</span></li><li class=\"a-spacing-mini\" style=\"list-style: disc; overflow-wrap: break-word;\"><span class=\"a-list-item\">EASY TO ADJUST: You just need to unfold the tripod and attach it to the microphone, 180-degree flexible design allows you the adjust any angle as you want</span></li></ul></div></div></div>', '1 Year', NULL, NULL, NULL, NULL, NULL, '2024-08-21 06:27:19', '2024-08-21 06:27:19'),
(53, 57, NULL, NULL, '<div><span style=\"color: rgb(51, 51, 51); font-family: Verdana, Arial, Helvetica, sans-serif; font-size: 12px;\">1. BT5.0: Built-in Bluetooth 5.0 chip, auto-pairing when turn on, with more than 10 meters connection distance, you can enjoy music freely.</span><br style=\"color: rgb(51, 51, 51); font-family: Verdana, Arial, Helvetica, sans-serif; font-size: 12px;\"><span style=\"color: rgb(51, 51, 51); font-family: Verdana, Arial, Helvetica, sans-serif; font-size: 12px;\">2. Noise reduction: DSP digital noise reduction technology is used to allow you to listen to songs without noise.</span><br style=\"color: rgb(51, 51, 51); font-family: Verdana, Arial, Helvetica, sans-serif; font-size: 12px;\"><span style=\"color: rgb(51, 51, 51); font-family: Verdana, Arial, Helvetica, sans-serif; font-size: 12px;\">3. 1200mAh Battery: For 3-6 hours of playtime on a full charge.</span><br style=\"color: rgb(51, 51, 51); font-family: Verdana, Arial, Helvetica, sans-serif; font-size: 12px;\"><span style=\"color: rgb(51, 51, 51); font-family: Verdana, Arial, Helvetica, sans-serif; font-size: 12px;\">4. FM Radio: Built-in FM radio function allows you to choose from a wide variety of free stations to listen to the news, talk shows, broadcasts, etc.</span><br style=\"color: rgb(51, 51, 51); font-family: Verdana, Arial, Helvetica, sans-serif; font-size: 12px;\"><span style=\"color: rgb(51, 51, 51); font-family: Verdana, Arial, Helvetica, sans-serif; font-size: 12px;\">5. Multi-mode Playback: Support AUX-in, micro SD card, USB disk, free for you to enjoy music.</span><br style=\"color: rgb(51, 51, 51); font-family: Verdana, Arial, Helvetica, sans-serif; font-size: 12px;\"><span style=\"color: rgb(51, 51, 51); font-family: Verdana, Arial, Helvetica, sans-serif; font-size: 12px;\">6. Control buttons: Press buttons on / off, answer / pause, switch mode, skip songs, adjust volume etc.</span><br style=\"color: rgb(51, 51, 51); font-family: Verdana, Arial, Helvetica, sans-serif; font-size: 12px;\"></div><div><span style=\"color: rgb(51, 51, 51); font-family: Verdana, Arial, Helvetica, sans-serif; font-size: 12px;\"><br></span></div><div><b style=\"color: rgb(51, 51, 51); font-family: Verdana, Arial, Helvetica, sans-serif; font-size: 12px;\">Specifications</b><br style=\"color: rgb(51, 51, 51); font-family: Verdana, Arial, Helvetica, sans-serif; font-size: 12px;\"><span style=\"color: rgb(51, 51, 51); font-family: Verdana, Arial, Helvetica, sans-serif; font-size: 12px;\">1. Bluetooth version: V5.0</span><br style=\"color: rgb(51, 51, 51); font-family: Verdana, Arial, Helvetica, sans-serif; font-size: 12px;\"><span style=\"color: rgb(51, 51, 51); font-family: Verdana, Arial, Helvetica, sans-serif; font-size: 12px;\">2. Bluetooth Distance: Up to 10m</span><br style=\"color: rgb(51, 51, 51); font-family: Verdana, Arial, Helvetica, sans-serif; font-size: 12px;\"><span style=\"color: rgb(51, 51, 51); font-family: Verdana, Arial, Helvetica, sans-serif; font-size: 12px;\">3. Battery capacity: 1200mAh</span><br style=\"color: rgb(51, 51, 51); font-family: Verdana, Arial, Helvetica, sans-serif; font-size: 12px;\"><span style=\"color: rgb(51, 51, 51); font-family: Verdana, Arial, Helvetica, sans-serif; font-size: 12px;\">4. Frequency response: 60Hz-15KHz</span><br style=\"color: rgb(51, 51, 51); font-family: Verdana, Arial, Helvetica, sans-serif; font-size: 12px;\"><span style=\"color: rgb(51, 51, 51); font-family: Verdana, Arial, Helvetica, sans-serif; font-size: 12px;\">5. Support functions: Bluetooth, AUX input, FM radio, TF card playback, U disk playback</span><br style=\"color: rgb(51, 51, 51); font-family: Verdana, Arial, Helvetica, sans-serif; font-size: 12px;\"><span style=\"color: rgb(51, 51, 51); font-family: Verdana, Arial, Helvetica, sans-serif; font-size: 12px;\">6. Charging voltage: 5V</span><br style=\"color: rgb(51, 51, 51); font-family: Verdana, Arial, Helvetica, sans-serif; font-size: 12px;\"><span style=\"color: rgb(51, 51, 51); font-family: Verdana, Arial, Helvetica, sans-serif; font-size: 12px;\">7. Power: 5W+5W</span><br style=\"color: rgb(51, 51, 51); font-family: Verdana, Arial, Helvetica, sans-serif; font-size: 12px;\"><span style=\"color: rgb(51, 51, 51); font-family: Verdana, Arial, Helvetica, sans-serif; font-size: 12px;\">8. FM frequency: 87-108MHz</span><br style=\"color: rgb(51, 51, 51); font-family: Verdana, Arial, Helvetica, sans-serif; font-size: 12px;\"><span style=\"color: rgb(51, 51, 51); font-family: Verdana, Arial, Helvetica, sans-serif; font-size: 12px;\">9. Audio signal-to-noise ratio: Greater than or equal to 75dB</span><br style=\"color: rgb(51, 51, 51); font-family: Verdana, Arial, Helvetica, sans-serif; font-size: 12px;\"><span style=\"color: rgb(51, 51, 51); font-family: Verdana, Arial, Helvetica, sans-serif; font-size: 12px;\">10. Material: ABS, metal</span><br style=\"color: rgb(51, 51, 51); font-family: Verdana, Arial, Helvetica, sans-serif; font-size: 12px;\"><span style=\"color: rgb(51, 51, 51); font-family: Verdana, Arial, Helvetica, sans-serif; font-size: 12px;\">11. Size: 38 x 6.5 x 5.5 cm / 15 x 3.5 x 2.1 in</span><br style=\"color: rgb(51, 51, 51); font-family: Verdana, Arial, Helvetica, sans-serif; font-size: 12px;\"></div>', '1 Year', NULL, NULL, NULL, NULL, NULL, '2024-08-21 10:24:35', '2024-08-21 10:24:35'),
(55, 59, NULL, NULL, '<div><div>ts High Capacity of 7.4V / 12000mAh 88.8Wh Battery with 5V / 2Amp Type C Charging, USB Output Interface &amp; Battery Tester. Can also charge via Wall charger, Car charger or Even a Power Bank.</div><div><br></div><div>You can also use it as Power Bank. To achieve the best performance</div><div>from Digitek Platinum Li-ion</div><ol _ngcontent-serverapp-c105=\"\" class=\"hightlights-list\" style=\"margin: 0px; padding-left: 20px; color: rgb(1, 0, 0); font-family: &quot;inter regular&quot;; font-size: 16px; background-color: rgb(245, 248, 250);\"><li _ngcontent-serverapp-c105=\"\" class=\"ng-star-inserted\" style=\"margin-bottom: 12px; font-size: 0.875rem;\">Extra Power: 7.4v 12000mAh Platinum Extra Power Rechargeable Li-ion Camera Battery</li><li _ngcontent-serverapp-c105=\"\" class=\"ng-star-inserted\" style=\"margin-bottom: 12px; font-size: 0.875rem;\">4 Indicator Lights status of power remaining.</li><li _ngcontent-serverapp-c105=\"\" class=\"ng-star-inserted\" style=\"margin-bottom: 12px; font-size: 0.875rem;\">USB Output Charging / Type C Port for Fast Charging</li><li _ngcontent-serverapp-c105=\"\" class=\"ng-star-inserted\" style=\"font-size: 0.875rem;\">Battery Tester / Extra Long Life</li></ol><div _ngcontent-serverapp-c105=\"\" class=\"view-more-section d-flex flex-row justify-content-end ng-star-inserted\" style=\"margin-top: 20px; color: rgb(1, 0, 0); font-family: &quot;inter regular&quot;; font-size: 16px; background-color: rgb(245, 248, 250);\"></div><div>&nbsp;Batteries charge with specified Charger.</div></div>', '1 Year', NULL, NULL, NULL, NULL, NULL, '2024-08-21 11:16:15', '2024-08-21 11:34:52'),
(56, 60, NULL, NULL, '<div><ul style=\"margin: 0px; list-style-type: disc; color: rgb(111, 111, 111); font-family: -apple-system, BlinkMacSystemFont, &quot;Segoe UI&quot;, Roboto, Oxygen, Ubuntu, Cantarell, &quot;Open Sans&quot;, &quot;Helvetica Neue&quot;, sans-serif; letter-spacing: 0.5px;\"><li style=\"margin: 10px;\">Cell Type : Li-ion</li><li style=\"margin: 10px;\">Capacity : 1800mAh</li><li style=\"margin: 10px;\">Voltage : 7.4V</li><li style=\"margin: 10px;\">Compatible Camera Models: XC10 / XC15/ EOS 60D / EOS 60Da / EOS 70D / EOS 80D / EOS 5D Mark II / EOS 5D Mark III / EOS 5D Mark IV / EOS 5Ds / 5DS R / EOS 6D / EOS 6D Mark II / EOS 7D / EOS 7D Mark II</li><li style=\"margin: 10px;\">Product Is Covered Under 3 Months Manufacturer Warranty Against Any Manufacturing Defect Only.</li></ul></div>', '1 Year', NULL, NULL, NULL, NULL, NULL, '2024-08-21 11:38:54', '2024-08-21 11:43:04'),
(57, 61, NULL, NULL, '<div><ul style=\"margin: 0px; list-style-type: disc; color: rgb(111, 111, 111); font-family: -apple-system, BlinkMacSystemFont, &quot;Segoe UI&quot;, Roboto, Oxygen, Ubuntu, Cantarell, &quot;Open Sans&quot;, &quot;Helvetica Neue&quot;, sans-serif; letter-spacing: 0.5px;\"><li style=\"margin: 10px;\">FLEXIBLE CREATION: Gobos and Color Gel could be used together or alone to achieve awesome Light Effects. Providing more abundant resources for creative shooting. MULTI-FUNCTION: By changing the Aperture size manually get the Projection from Spot to Wide. Firstly focus ring design can make projection clear. Very suitable for photographers to shoot Portrait and product Photo shoots.</li><li style=\"margin: 10px;\">COMPATIBILITY: Original designed with Bowens Speed Ring, could replaced by Elinchrom Speed Ring. Changeable chucks with various bayonets. The size of the chuck is 1 52mm.</li><li style=\"margin: 10px;\">WIDELY USABLE: Made with Premium Metal material, Gobos are also made of Stainless Steel and high Temperature resistance. Ideal for almost all powerful LED Lights and strobe flashlights available. (It is recommended not to use the modelling light for a long time in use to prevent high temperatures from damaging the lens)</li><li style=\"margin: 10px;\">KIT INCLUDE : 1 x Optical Snoot, 1 x Bowens Speed Ring, 1 x Gobo Holder, 6 x Stainless Steel Gobos, 4 x Color Gels&nbsp;<span style=\"font-weight: bolder;\">(Red / Yellow / Green / Blue).</span></li></ul></div>', '1 Year', NULL, NULL, NULL, NULL, NULL, '2024-08-22 03:45:35', '2024-08-22 03:45:35'),
(59, 63, NULL, NULL, '<div><ul style=\"margin: 0px; list-style-type: disc; color: rgb(111, 111, 111); font-family: -apple-system, BlinkMacSystemFont, &quot;Segoe UI&quot;, Roboto, Oxygen, Ubuntu, Cantarell, &quot;Open Sans&quot;, &quot;Helvetica Neue&quot;, sans-serif; letter-spacing: 0.5px;\"><li style=\"margin: 10px;\">Digitek 60 Watt Bi Color Continuous Light DCL-60WBC is Compact &amp; Portable COB Light which runs on AC Power (through Adapter) &amp; NP-F Series Li-ion Batteries. Having LCD Display and Function Buttons for easy operation. Ideal for Small Production House, Freelancer, Videography or Creative Team in Photography or Video production .</li><li style=\"margin: 10px;\">Setting Mode Selection 1- LED Silent Mode In this Fan &amp; FX Mode Function are turned OFF. Having In Built Fan for ventilation and to keep your Light cool. 2- Special Effect Mode : Short Press the FX Button on Back Panel to enter Special Effect Mode. There are 9 Special Effects to choose from to simulate between 9 (FX-01 to FX-09) various shooting scene &amp; creative effects. Color Temperature &amp; Brightness Adjustment Press CT+ Button to increase or CT- Button to decrease Color Temperature on back panel. Press the \" +\" to increase &amp; \" -\" button to decrease the brightness. Fan Adjustment Press the \".\" to Turn the Fan ON/OFF. When Fan is ON, the indicator Light is ON &amp; Brightness can be adjusted up to 100% and when Fan is OFF the Indicator Light goes OFF &amp; Brightness can be adjusted up to to 30% to avoid getting heated.</li><li style=\"margin: 10px;\">Max Power : 60W</li><li style=\"margin: 10px;\">Color Temperatures : 2800-6800K</li><li style=\"margin: 10px;\">CRI &lt;96</li><li style=\"margin: 10px;\">100% Light Brightness : 7800LM</li><li style=\"margin: 10px;\">Light Brightness Range :01%-100%</li><li style=\"margin: 10px;\">Operation Temperature : :-10C-40C</li><li style=\"margin: 10px;\">Channel :9</li><li style=\"margin: 10px;\">Remote Distance &gt;20M</li><li style=\"margin: 10px;\">Radio Frequency : 433MHz</li><li style=\"margin: 10px;\">Net Weight :0.7Kg</li></ul></div>', '1 Year', NULL, NULL, NULL, NULL, NULL, '2024-08-22 04:01:52', '2024-08-22 04:01:52'),
(60, 64, NULL, NULL, '<div><div id=\"productOverview_feature_div\" class=\"celwidget\" data-feature-name=\"productOverview\" data-csa-c-type=\"widget\" data-csa-c-content-id=\"productOverview\" data-csa-c-slot-id=\"productOverview_feature_div\" data-csa-c-asin=\"B09V1KJ3J4\" data-csa-c-is-in-initial-active-row=\"false\" data-csa-c-id=\"d2wqmp-3bxn0k-awaeiw-bvuc5e\" data-cel-widget=\"productOverview_feature_div\" style=\"color: rgb(15, 17, 17); font-family: &quot;Amazon Ember&quot;, Arial, sans-serif;\"><div class=\"a-section a-spacing-small a-spacing-top-small\" style=\"margin-top: 8px !important;\"><table class=\"a-normal a-spacing-micro\" style=\"width: 666.969px; margin-bottom: 0px !important;\"><tbody><tr class=\"a-spacing-small po-brand\" style=\"margin-bottom: 8px !important;\"><td class=\"a-span3\" style=\"vertical-align: top; padding: 0px 3px 3px 0px; width: 174.609px; float: none !important;\"><span class=\"a-size-base a-text-bold\" style=\"font-weight: 700 !important; line-height: 20px !important;\">Brand</span></td><td class=\"a-span9\" style=\"vertical-align: top; padding: 0px 0px 3px 3px; width: 492.359px; float: none !important;\"><span class=\"a-size-base po-break-word\" style=\"word-break: break-word; line-height: 20px !important;\">Elgato</span></td></tr><tr class=\"a-spacing-small po-hardware_interface\" style=\"margin-bottom: 8px !important;\"><td class=\"a-span3\" style=\"vertical-align: top; padding: 3px 3px 3px 0px; width: 174.609px; float: none !important;\"><span class=\"a-size-base a-text-bold\" style=\"font-weight: 700 !important; line-height: 20px !important;\">Hardware Interface</span></td><td class=\"a-span9\" style=\"vertical-align: top; padding: 3px 0px 3px 3px; width: 492.359px; float: none !important;\"><span class=\"a-size-base po-break-word\" style=\"word-break: break-word; line-height: 20px !important;\">USB 3.0</span></td></tr><tr class=\"a-spacing-small po-video_capture_resolution\" style=\"margin-bottom: 8px !important;\"><td class=\"a-span3\" style=\"vertical-align: top; padding: 3px 3px 3px 0px; width: 174.609px; float: none !important;\"><span class=\"a-size-base a-text-bold\" style=\"font-weight: 700 !important; line-height: 20px !important;\">Video Capture Resolution</span></td><td class=\"a-span9\" style=\"vertical-align: top; padding: 3px 0px 3px 3px; width: 492.359px; float: none !important;\"><span class=\"a-size-base po-break-word\" style=\"word-break: break-word; line-height: 20px !important;\">1080p</span></td></tr><tr class=\"a-spacing-small po-operating_system\" style=\"margin-bottom: 8px !important;\"><td class=\"a-span3\" style=\"vertical-align: top; padding: 3px 3px 3px 0px; width: 174.609px; float: none !important;\"><span class=\"a-size-base a-text-bold\" style=\"font-weight: 700 !important; line-height: 20px !important;\">Operating System</span></td><td class=\"a-span9\" style=\"vertical-align: top; padding: 3px 0px 3px 3px; width: 492.359px; float: none !important;\"><span class=\"a-size-base po-break-word\" style=\"word-break: break-word; line-height: 20px !important;\">Windows,Mac</span></td></tr><tr class=\"a-spacing-small po-recommended_uses_for_product\" style=\"margin-bottom: 8px !important;\"><td class=\"a-span3\" style=\"vertical-align: top; padding: 3px 3px 0px 0px; width: 174.609px; float: none !important;\"><span class=\"a-size-base a-text-bold\" style=\"font-weight: 700 !important; line-height: 20px !important;\">Recommended Uses For Product</span></td><td class=\"a-span9\" style=\"vertical-align: top; padding: 3px 0px 0px 3px; width: 492.359px; float: none !important;\"><span class=\"a-size-base po-break-word\" style=\"word-break: break-word; line-height: 20px !important;\">recording</span></td></tr></tbody></table></div></div><div id=\"featurebullets_feature_div\" class=\"celwidget\" data-feature-name=\"featurebullets\" data-csa-c-type=\"widget\" data-csa-c-content-id=\"featurebullets\" data-csa-c-slot-id=\"featurebullets_feature_div\" data-csa-c-asin=\"B09V1KJ3J4\" data-csa-c-is-in-initial-active-row=\"false\" data-csa-c-id=\"y0g44t-ro66hz-dbg7sd-3ejjb5\" data-cel-widget=\"featurebullets_feature_div\" style=\"color: rgb(15, 17, 17); font-family: &quot;Amazon Ember&quot;, Arial, sans-serif;\"><div id=\"feature-bullets\" class=\"a-section a-spacing-medium a-spacing-top-small\" style=\"margin-top: 8px !important;\"><hr style=\"box-sizing: border-box; border-top-color: rgb(187, 191, 191); line-height: 19px; margin-bottom: 14px; margin-top: 0px;\"><h1 class=\"a-size-base-plus a-text-bold\" style=\"padding-bottom: 4px; margin-bottom: 0px; text-rendering: optimizelegibility; font-weight: 700 !important; font-size: 16px !important; line-height: 24px !important;\">About this item</h1><ul class=\"a-unordered-list a-vertical a-spacing-mini\" style=\"margin: 0px 0px 0px 18px;\"><li class=\"a-spacing-mini\" style=\"list-style: disc; overflow-wrap: break-word;\"><span class=\"a-list-item\">Premium Capture, Powerful Passthrough: Stunning 4K30 HDR10 or 1080p60 HDR10 quality, 4K60 HDR10, 1440p120, 1080p120, VRR passthrough.</span></li><li class=\"a-spacing-mini\" style=\"list-style: disc; overflow-wrap: break-word;\"><span class=\"a-list-item\">Plug and Play: Driverless setup on Windows and Mac.</span></li><li class=\"a-spacing-mini\" style=\"list-style: disc; overflow-wrap: break-word;\"><span class=\"a-list-item\">Use Any App, Stream to any Platform: OBS, Streamlabs, Vmix, Zoom, Microsoft Teams, Stream to YouTube, Twitch, Facebook Gaming and more.</span></li><li class=\"a-spacing-mini\" style=\"list-style: disc; overflow-wrap: break-word;\"><span class=\"a-list-item\">Ultra-low Latency: Sub 100ms for seamless audio/video syncing.</span></li><li class=\"a-spacing-mini\" style=\"list-style: disc; overflow-wrap: break-word;\"><span class=\"a-list-item\">No Limitations: Zero watermarks, time limits or subscriptions</span></li></ul></div></div></div>', '1 Year', NULL, NULL, NULL, NULL, NULL, '2024-08-22 04:09:29', '2024-08-22 04:09:29'),
(61, 65, NULL, NULL, '<div><div id=\"productOverview_feature_div\" class=\"celwidget\" data-feature-name=\"productOverview\" data-csa-c-type=\"widget\" data-csa-c-content-id=\"productOverview\" data-csa-c-slot-id=\"productOverview_feature_div\" data-csa-c-asin=\"B086R79PBC\" data-csa-c-is-in-initial-active-row=\"false\" data-csa-c-id=\"6t3xno-vqveq-fdu84m-n1jcj5\" data-cel-widget=\"productOverview_feature_div\" style=\"color: rgb(15, 17, 17); font-family: &quot;Amazon Ember&quot;, Arial, sans-serif;\"><div class=\"a-section a-spacing-small a-spacing-top-small\" style=\"margin-top: 8px !important;\"><table class=\"a-normal a-spacing-micro\" style=\"width: 666.969px; margin-bottom: 0px !important;\"><tbody><tr class=\"a-spacing-small po-compatible_devices\" style=\"margin-bottom: 8px !important;\"><td class=\"a-span3\" style=\"vertical-align: top; padding: 0px 3px 3px 0px; width: 174.609px; float: none !important;\"><span class=\"a-size-base a-text-bold\" style=\"font-weight: 700 !important; line-height: 20px !important;\">ompatible Devices</span></td><td class=\"a-span9\" style=\"vertical-align: top; padding: 0px 0px 3px 3px; width: 492.359px; float: none !important;\"><span class=\"a-size-base po-break-word\" style=\"word-break: break-word; line-height: 20px !important;\">Cameras</span></td></tr><tr class=\"a-spacing-small po-connector_type\" style=\"margin-bottom: 8px !important;\"><td class=\"a-span3\" style=\"vertical-align: top; padding: 3px 3px 3px 0px; width: 174.609px; float: none !important;\"><span class=\"a-size-base a-text-bold\" style=\"font-weight: 700 !important; line-height: 20px !important;\">Connector Type</span></td><td class=\"a-span9\" style=\"vertical-align: top; padding: 3px 0px 3px 3px; width: 492.359px; float: none !important;\"><span class=\"a-size-base po-break-word\" style=\"word-break: break-word; line-height: 20px !important;\">Auxiliary, HDMI</span></td></tr><tr class=\"a-spacing-small po-color\" style=\"margin-bottom: 8px !important;\"><td class=\"a-span3\" style=\"vertical-align: top; padding: 3px 3px 3px 0px; width: 174.609px; float: none !important;\"><span class=\"a-size-base a-text-bold\" style=\"font-weight: 700 !important; line-height: 20px !important;\">Color</span></td><td class=\"a-span9\" style=\"vertical-align: top; padding: 3px 0px 3px 3px; width: 492.359px; float: none !important;\"><span class=\"a-size-base po-break-word\" style=\"word-break: break-word; line-height: 20px !important;\">black</span></td></tr><tr class=\"a-spacing-small po-item_dimensions\" style=\"margin-bottom: 8px !important;\"><td class=\"a-span3\" style=\"vertical-align: top; padding: 3px 3px 3px 0px; width: 174.609px; float: none !important;\"><span class=\"a-size-base a-text-bold\" style=\"font-weight: 700 !important; line-height: 20px !important;\">Item dimensions L x W x H</span></td><td class=\"a-span9\" style=\"vertical-align: top; padding: 3px 0px 3px 3px; width: 492.359px; float: none !important;\"><span class=\"a-size-base po-break-word\" style=\"word-break: break-word; line-height: 20px !important;\">4.07 x 9.35 x 1.38 inches</span></td></tr><tr class=\"a-spacing-small po-brand\" style=\"margin-bottom: 8px !important;\"><td class=\"a-span3\" style=\"vertical-align: top; padding: 3px 3px 0px 0px; width: 174.609px; float: none !important;\"><span class=\"a-size-base a-text-bold\" style=\"font-weight: 700 !important; line-height: 20px !important;\">Brand</span></td><td class=\"a-span9\" style=\"vertical-align: top; padding: 3px 0px 0px 3px; width: 492.359px; float: none !important;\"><span class=\"a-size-base po-break-word\" style=\"word-break: break-word; line-height: 20px !important;\">Blackmagic Design</span></td></tr></tbody></table></div></div><div id=\"featurebullets_feature_div\" class=\"celwidget\" data-feature-name=\"featurebullets\" data-csa-c-type=\"widget\" data-csa-c-content-id=\"featurebullets\" data-csa-c-slot-id=\"featurebullets_feature_div\" data-csa-c-asin=\"B086R79PBC\" data-csa-c-is-in-initial-active-row=\"false\" data-csa-c-id=\"1zbw7c-e5prn5-u4j0i8-9lum85\" data-cel-widget=\"featurebullets_feature_div\" style=\"color: rgb(15, 17, 17); font-family: &quot;Amazon Ember&quot;, Arial, sans-serif;\"><div id=\"feature-bullets\" class=\"a-section a-spacing-medium a-spacing-top-small\" style=\"margin-top: 8px !important;\"><hr style=\"box-sizing: border-box; border-top-color: rgb(187, 191, 191); line-height: 19px; margin-bottom: 14px; margin-top: 0px;\"><h1 class=\"a-size-base-plus a-text-bold\" style=\"padding-bottom: 4px; margin-bottom: 0px; text-rendering: optimizelegibility; font-weight: 700 !important; font-size: 16px !important; line-height: 24px !important;\">About this item</h1><ul class=\"a-unordered-list a-vertical a-spacing-mini\" style=\"margin: 0px 0px 0px 18px;\"><li class=\"a-spacing-mini\" style=\"list-style: disc; overflow-wrap: break-word;\"><span class=\"a-list-item\">HDMI Video Inputs - 4 x HDMI type A, 10-bit HD switchable. 2 channel embedded audio.</span></li><li class=\"a-spacing-mini\" style=\"list-style: disc; overflow-wrap: break-word;\"><span class=\"a-list-item\">Total Audio Inputs - 2 x 3.5mm stereo mini jack.</span></li><li class=\"a-spacing-mini\" style=\"list-style: disc; overflow-wrap: break-word;\"><span class=\"a-list-item\">Direct recording to USB flash disks in H.264</span></li><li class=\"a-spacing-mini\" style=\"list-style: disc; overflow-wrap: break-word;\"><span class=\"a-list-item\">Direct streaming via Ethernet to YouTube Live and more</span></li></ul></div></div></div>', '1 Year', NULL, NULL, NULL, NULL, NULL, '2024-08-22 04:17:26', '2024-08-22 04:17:26');

-- --------------------------------------------------------

--
-- Table structure for table `product_subcategory_belongs`
--

CREATE TABLE `product_subcategory_belongs` (
  `product_id` bigint UNSIGNED NOT NULL,
  `product_subcategory_id` bigint UNSIGNED NOT NULL
) ENGINE=InnoDB DEFAULT CHARSET=utf8mb4 COLLATE=utf8mb4_unicode_ci;

--
-- Dumping data for table `product_subcategory_belongs`
--

INSERT INTO `product_subcategory_belongs` (`product_id`, `product_subcategory_id`) VALUES
(11, 10),
(12, 10),
(13, 10),
(14, 10),
(15, 10),
(16, 10),
(28, 10),
(29, 10),
(30, 12),
(31, 12),
(57, 12);

-- --------------------------------------------------------

--
-- Table structure for table `product_sub_categories`
--

CREATE TABLE `product_sub_categories` (
  `id` bigint UNSIGNED NOT NULL,
  `product_subcategory_name` varchar(255) COLLATE utf8mb4_unicode_ci NOT NULL,
  `product_subcategory_slug` varchar(255) COLLATE utf8mb4_unicode_ci NOT NULL,
  `created_at` timestamp NULL DEFAULT NULL,
  `updated_at` timestamp NULL DEFAULT NULL
) ENGINE=InnoDB DEFAULT CHARSET=utf8mb4 COLLATE=utf8mb4_unicode_ci;

--
-- Dumping data for table `product_sub_categories`
--

INSERT INTO `product_sub_categories` (`id`, `product_subcategory_name`, `product_subcategory_slug`, `created_at`, `updated_at`) VALUES
(1, 'None', 'none', '2024-08-18 04:51:28', '2024-08-18 04:51:28'),
(2, 'Gopro Hero 11', 'gopro-hero-11', '2024-08-18 04:51:28', '2024-08-18 04:51:28'),
(3, 'Gopro Hero 12', 'gopro-hero-12', '2024-08-18 04:51:28', '2024-08-18 04:51:28'),
(4, 'Gopro Hero 10', 'gopro-hero-10', '2024-08-18 04:51:28', '2024-08-18 04:51:28'),
(5, 'Gopro Hero 9', 'gopro-hero-9', '2024-08-18 04:51:28', '2024-08-18 04:51:28'),
(6, 'Gopro Hero 8', 'gopro-hero-8', '2024-08-18 04:51:28', '2024-08-18 04:51:28'),
(7, 'Gopro Hero 7', 'gopro-hero-7', '2024-08-18 04:51:28', '2024-08-18 04:51:28'),
(8, 'Gopro Hero 6', 'gopro-hero-6', '2024-08-18 04:51:28', '2024-08-18 04:51:28'),
(9, 'Gopro Hero 5', 'gopro-hero-5', '2024-08-18 04:51:28', '2024-08-18 04:51:28'),
(10, 'Earbuds', 'earbuds', '2024-08-18 04:51:28', '2024-08-18 04:51:28'),
(11, 'Headphone', 'headphone', '2024-08-18 04:51:28', '2024-08-18 04:51:28'),
(12, 'Speaker', 'speaker', '2024-08-18 04:51:28', '2024-08-18 04:51:28'),
(13, 'CCTV Camera', 'cctv-camera', '2024-08-18 04:51:28', '2024-08-18 04:51:28'),
(14, 'CCTV DVR & XVR', 'cctv-dvr-xvr', '2024-08-18 04:51:28', '2024-08-18 04:51:28'),
(15, 'CCTV Accessories', 'cctv-accessories', '2024-08-18 04:51:28', '2024-08-18 04:51:28');

-- --------------------------------------------------------

--
-- Table structure for table `product_types`
--

CREATE TABLE `product_types` (
  `id` bigint UNSIGNED NOT NULL,
  `product_type_name` varchar(255) COLLATE utf8mb4_unicode_ci NOT NULL,
  `product_type_slug` varchar(255) COLLATE utf8mb4_unicode_ci NOT NULL,
  `created_at` timestamp NULL DEFAULT NULL,
  `updated_at` timestamp NULL DEFAULT NULL
) ENGINE=InnoDB DEFAULT CHARSET=utf8mb4 COLLATE=utf8mb4_unicode_ci;

--
-- Dumping data for table `product_types`
--

INSERT INTO `product_types` (`id`, `product_type_name`, `product_type_slug`, `created_at`, `updated_at`) VALUES
(1, 'Products', 'products', '2024-08-18 04:51:28', '2024-08-18 04:51:28'),
(2, 'Movies', 'movies', '2024-08-18 04:51:28', '2024-08-18 04:51:28'),
(3, 'Games', 'games', '2024-08-18 04:51:28', '2024-08-18 04:51:28'),
(4, 'Series', 'series', '2024-08-18 04:51:28', '2024-08-18 04:51:28');

-- --------------------------------------------------------

--
-- Table structure for table `return_orders`
--

CREATE TABLE `return_orders` (
  `id` bigint UNSIGNED NOT NULL,
  `product_id` bigint UNSIGNED NOT NULL,
  `branch_id` bigint UNSIGNED NOT NULL,
  `order_id` bigint UNSIGNED DEFAULT NULL,
  `return_qty` int NOT NULL,
  `price` double(8,2) NOT NULL,
  `color` varchar(255) COLLATE utf8mb4_unicode_ci DEFAULT NULL,
  `return_reason` text COLLATE utf8mb4_unicode_ci,
  `created_at` timestamp NULL DEFAULT NULL,
  `updated_at` timestamp NULL DEFAULT NULL
) ENGINE=InnoDB DEFAULT CHARSET=utf8mb4 COLLATE=utf8mb4_unicode_ci;

-- --------------------------------------------------------

--
-- Table structure for table `roles`
--

CREATE TABLE `roles` (
  `id` bigint UNSIGNED NOT NULL,
  `name` varchar(255) COLLATE utf8mb4_unicode_ci NOT NULL,
  `guard_name` varchar(255) COLLATE utf8mb4_unicode_ci NOT NULL,
  `created_at` timestamp NULL DEFAULT NULL,
  `updated_at` timestamp NULL DEFAULT NULL
) ENGINE=InnoDB DEFAULT CHARSET=utf8mb4 COLLATE=utf8mb4_unicode_ci;

--
-- Dumping data for table `roles`
--

INSERT INTO `roles` (`id`, `name`, `guard_name`, `created_at`, `updated_at`) VALUES
(1, 'SuperAdmin', 'web', '2024-08-18 04:51:27', '2024-08-18 04:51:27'),
(2, 'Admin', 'web', '2024-08-18 04:51:27', '2024-08-18 04:51:27'),
(3, 'Assistant Manager', 'web', '2024-08-18 04:51:27', '2024-08-18 04:51:27'),
(4, 'Senior Sale Assistant', 'web', '2024-08-18 04:51:27', '2024-08-18 04:51:27');

-- --------------------------------------------------------

--
-- Table structure for table `role_has_permissions`
--

CREATE TABLE `role_has_permissions` (
  `permission_id` bigint UNSIGNED NOT NULL,
  `role_id` bigint UNSIGNED NOT NULL
) ENGINE=InnoDB DEFAULT CHARSET=utf8mb4 COLLATE=utf8mb4_unicode_ci;

-- --------------------------------------------------------

--
-- Table structure for table `salaries`
--

CREATE TABLE `salaries` (
  `id` bigint UNSIGNED NOT NULL,
  `user_id` bigint UNSIGNED NOT NULL,
  `date` int DEFAULT NULL,
  `basic_salary` int DEFAULT NULL,
  `on_time` int DEFAULT NULL,
  `no_day_off` int DEFAULT NULL,
  `company_bonus` int DEFAULT NULL,
  `movie_bonus` int DEFAULT NULL,
  `daily_movie_bonus` int DEFAULT NULL,
  `pocket_money` int DEFAULT NULL,
  `yearly_bonus` int DEFAULT NULL,
  `extra_money` int DEFAULT NULL,
  `created_at` timestamp NULL DEFAULT NULL,
  `updated_at` timestamp NULL DEFAULT NULL
) ENGINE=InnoDB DEFAULT CHARSET=utf8mb4 COLLATE=utf8mb4_unicode_ci;

--
-- Dumping data for table `salaries`
--

INSERT INTO `salaries` (`id`, `user_id`, `date`, `basic_salary`, `on_time`, `no_day_off`, `company_bonus`, `movie_bonus`, `daily_movie_bonus`, `pocket_money`, `yearly_bonus`, `extra_money`, `created_at`, `updated_at`) VALUES
(1, 3, NULL, 5000, 200, 150, 1000, 300, 250, 50, 100, 150, '2024-08-18 04:51:27', '2024-08-18 04:51:27'),
(2, 4, NULL, 4500, 150, 100, 800, 250, 200, 40, 80, 120, '2024-08-18 04:51:27', '2024-08-18 04:51:27');

-- --------------------------------------------------------

--
-- Table structure for table `ship_districts`
--

CREATE TABLE `ship_districts` (
  `id` bigint UNSIGNED NOT NULL,
  `division_id` bigint UNSIGNED NOT NULL,
  `district_name` varchar(255) COLLATE utf8mb4_unicode_ci NOT NULL,
  `created_at` timestamp NULL DEFAULT NULL,
  `updated_at` timestamp NULL DEFAULT NULL
) ENGINE=InnoDB DEFAULT CHARSET=utf8mb4 COLLATE=utf8mb4_unicode_ci;

--
-- Dumping data for table `ship_districts`
--

INSERT INTO `ship_districts` (`id`, `division_id`, `district_name`, `created_at`, `updated_at`) VALUES
(1, 1, 'East Yangon', NULL, NULL),
(2, 1, 'North Yangon', NULL, NULL),
(3, 1, 'South Yangon', NULL, NULL),
(4, 1, 'West Yangon', NULL, NULL),
(5, 2, 'Pathein', NULL, NULL),
(6, 2, 'Kyonpyaw', NULL, NULL),
(7, 2, 'Hinthada', NULL, NULL),
(8, 2, 'Labutta', NULL, NULL),
(9, 2, 'Maubin', NULL, NULL),
(10, 2, 'Myanaung', NULL, NULL),
(11, 2, 'Myaungmya', NULL, NULL),
(12, 2, 'Pyapon', NULL, NULL);

-- --------------------------------------------------------

--
-- Table structure for table `ship_divisions`
--

CREATE TABLE `ship_divisions` (
  `id` bigint UNSIGNED NOT NULL,
  `division_name` varchar(255) COLLATE utf8mb4_unicode_ci NOT NULL,
  `created_at` timestamp NULL DEFAULT NULL,
  `updated_at` timestamp NULL DEFAULT NULL
) ENGINE=InnoDB DEFAULT CHARSET=utf8mb4 COLLATE=utf8mb4_unicode_ci;

--
-- Dumping data for table `ship_divisions`
--

INSERT INTO `ship_divisions` (`id`, `division_name`, `created_at`, `updated_at`) VALUES
(1, 'Yangon', NULL, NULL),
(2, 'Ayeyarwady', NULL, NULL),
(3, 'Bago', NULL, NULL),
(4, 'Chin', NULL, NULL),
(5, 'Kachin', NULL, NULL),
(6, 'Kayah', NULL, NULL),
(7, 'Kayin', NULL, NULL),
(8, 'Magway', NULL, NULL),
(9, 'Mandalay', NULL, NULL),
(10, 'Mon', NULL, NULL),
(11, 'Naypyidaw', NULL, NULL),
(12, 'Rakhine', NULL, NULL),
(13, 'Sagaing', NULL, NULL),
(14, 'Shan', NULL, NULL),
(15, 'Tanintharyi', NULL, NULL);

-- --------------------------------------------------------

--
-- Table structure for table `ship_states`
--

CREATE TABLE `ship_states` (
  `id` bigint UNSIGNED NOT NULL,
  `division_id` bigint UNSIGNED NOT NULL,
  `district_id` bigint UNSIGNED NOT NULL,
  `state_name` varchar(255) COLLATE utf8mb4_unicode_ci NOT NULL,
  `created_at` timestamp NULL DEFAULT NULL,
  `updated_at` timestamp NULL DEFAULT NULL
) ENGINE=InnoDB DEFAULT CHARSET=utf8mb4 COLLATE=utf8mb4_unicode_ci;

--
-- Dumping data for table `ship_states`
--

INSERT INTO `ship_states` (`id`, `division_id`, `district_id`, `state_name`, `created_at`, `updated_at`) VALUES
(1, 1, 1, 'Botataung ', NULL, NULL),
(2, 1, 1, 'Dagon Seikkan ', NULL, NULL),
(3, 1, 1, 'East Dagon ', NULL, NULL),
(4, 1, 1, 'North Dagon ', NULL, NULL),
(5, 1, 1, 'North Okkalapa ', NULL, NULL),
(6, 1, 1, 'Pazundaung ', NULL, NULL),
(7, 1, 1, 'South Dagon ', NULL, NULL),
(8, 1, 1, 'South Okkalapa ', NULL, NULL),
(9, 1, 1, 'Thingangyun ', NULL, NULL),
(10, 1, 1, 'Dawbon ', NULL, NULL),
(11, 1, 1, 'Mingala Taungnyunt ', NULL, NULL),
(12, 1, 1, 'Tamwe ', NULL, NULL),
(13, 1, 1, 'Thaketa ', NULL, NULL),
(14, 1, 1, 'Yankin ', NULL, NULL),
(15, 1, 2, 'Hlaingthaya ', NULL, NULL),
(16, 1, 2, 'Insein ', NULL, NULL),
(17, 1, 2, 'Mingaladon ', NULL, NULL),
(18, 1, 2, 'Shwepyitha ', NULL, NULL),
(19, 1, 2, 'Hlegu ', NULL, NULL),
(20, 1, 2, 'Hmawbi ', NULL, NULL),
(21, 1, 2, 'Htantabin ', NULL, NULL),
(22, 1, 2, 'Taikkyi ', NULL, NULL),
(23, 1, 3, 'Dala ', NULL, NULL),
(24, 1, 3, 'Seikkyi Kanaungto ', NULL, NULL),
(25, 1, 3, 'Cocokyun ', NULL, NULL),
(26, 1, 3, 'Kawhmu ', NULL, NULL),
(27, 1, 3, 'Kayan ', NULL, NULL),
(28, 1, 3, 'Kungyangon ', NULL, NULL),
(29, 1, 3, 'Kyauktan ', NULL, NULL),
(30, 1, 3, 'Thanlyin ', NULL, NULL),
(31, 1, 3, 'Thongwa ', NULL, NULL),
(32, 1, 3, 'Twante ', NULL, NULL),
(33, 1, 4, 'Ahlon ', NULL, NULL),
(34, 1, 4, 'Bahan ', NULL, NULL),
(35, 1, 4, 'Dagon ', NULL, NULL),
(36, 1, 4, 'Kyauktada ', NULL, NULL),
(37, 1, 4, 'Kyimyindaing ', NULL, NULL),
(38, 1, 4, 'Lanmadaw ', NULL, NULL),
(39, 1, 4, 'Latha ', NULL, NULL),
(40, 1, 4, 'Pabedan ', NULL, NULL),
(41, 1, 4, 'Sanchaung ', NULL, NULL),
(42, 1, 4, 'Seikkan ', NULL, NULL),
(43, 1, 4, 'Hlaing ', NULL, NULL),
(44, 1, 4, 'Kamayut ', NULL, NULL),
(45, 1, 4, 'Mayangon ', NULL, NULL),
(46, 2, 5, 'Kangyidaunt', NULL, NULL),
(47, 2, 5, 'Ngapudaw', NULL, NULL),
(48, 2, 5, 'Hainggyikyun', NULL, NULL),
(49, 2, 5, 'Ngayokaung', NULL, NULL),
(50, 2, 5, 'Pathein', NULL, NULL),
(51, 2, 5, 'Ngwesaung', NULL, NULL),
(52, 2, 5, 'Chaung Thar', NULL, NULL),
(53, 2, 5, 'Shwethaungyan', NULL, NULL),
(54, 2, 5, 'Thabaung', NULL, NULL),
(55, 2, 6, 'Kyaunggon', NULL, NULL),
(56, 2, 6, 'Kyonpyaw', NULL, NULL),
(57, 2, 6, 'Yekyi', NULL, NULL),
(58, 2, 7, 'Hinthada', NULL, NULL),
(59, 2, 7, 'Lemyethna', NULL, NULL),
(60, 2, 7, 'Zalun', NULL, NULL),
(61, 2, 8, 'Labutta', NULL, NULL),
(62, 2, 8, 'Pyinsalu', NULL, NULL),
(63, 2, 8, 'Mawlamyinegyun', NULL, NULL),
(64, 2, 9, 'Danubyu', NULL, NULL),
(65, 2, 9, 'Maubin', NULL, NULL),
(66, 2, 9, 'Nyaungdon', NULL, NULL),
(67, 2, 9, 'Pantanaw', NULL, NULL),
(68, 2, 10, 'Ingapu', NULL, NULL),
(69, 2, 10, 'Kyangin', NULL, NULL),
(70, 2, 10, 'Myanaung', NULL, NULL),
(71, 2, 11, 'Einme', NULL, NULL),
(72, 2, 11, 'Myaungmya', NULL, NULL),
(73, 2, 11, 'Wakema', NULL, NULL),
(74, 2, 12, 'Bogale', NULL, NULL),
(75, 2, 12, 'Dedaye', NULL, NULL),
(76, 2, 12, 'Kyaiklat', NULL, NULL),
(77, 2, 12, 'Pyapon', NULL, NULL),
(78, 2, 12, 'Ahmar', NULL, NULL);

-- --------------------------------------------------------

--
-- Table structure for table `shopping_cart`
--

CREATE TABLE `shopping_cart` (
  `identifier` varchar(255) COLLATE utf8mb4_unicode_ci NOT NULL,
  `instance` varchar(255) COLLATE utf8mb4_unicode_ci NOT NULL,
  `content` longtext COLLATE utf8mb4_unicode_ci NOT NULL,
  `created_at` timestamp NULL DEFAULT NULL,
  `updated_at` timestamp NULL DEFAULT NULL
) ENGINE=InnoDB DEFAULT CHARSET=utf8mb4 COLLATE=utf8mb4_unicode_ci;

-- --------------------------------------------------------

--
-- Table structure for table `stocks`
--

CREATE TABLE `stocks` (
  `id` bigint UNSIGNED NOT NULL,
  `product_id` bigint UNSIGNED NOT NULL,
  `brand_id` bigint UNSIGNED NOT NULL,
  `branch_id` bigint UNSIGNED NOT NULL,
  `product_color_id` bigint UNSIGNED NOT NULL,
  `purchase_qty` int DEFAULT NULL,
  `sell_qty` int DEFAULT NULL,
  `return_qty` int DEFAULT NULL,
  `error_qty` int DEFAULT NULL,
  `created_at` timestamp NULL DEFAULT NULL,
  `updated_at` timestamp NULL DEFAULT NULL
) ENGINE=InnoDB DEFAULT CHARSET=utf8mb4 COLLATE=utf8mb4_unicode_ci;

--
-- Dumping data for table `stocks`
--

INSERT INTO `stocks` (`id`, `product_id`, `brand_id`, `branch_id`, `product_color_id`, `purchase_qty`, `sell_qty`, `return_qty`, `error_qty`, `created_at`, `updated_at`) VALUES
(1, 1, 1, 1, 5, 10, 0, NULL, NULL, '2024-08-18 05:02:19', '2024-08-18 05:05:58'),
(2, 2, 1, 1, 5, 10, 0, NULL, NULL, '2024-08-19 04:17:38', '2024-08-19 04:19:52'),
(3, 3, 1, 1, 5, 10, 0, NULL, NULL, '2024-08-19 04:34:59', '2024-08-19 07:32:32'),
(4, 4, 4, 1, 5, 10, 0, NULL, NULL, '2024-08-19 04:47:09', '2024-08-19 04:47:09'),
(5, 5, 1, 1, 5, 10, 0, NULL, NULL, '2024-08-19 05:29:04', '2024-08-19 05:41:08'),
(6, 6, 1, 1, 5, 10, 0, NULL, NULL, '2024-08-19 05:51:07', '2024-08-19 05:52:13'),
(8, 8, 1, 1, 5, 10, 0, NULL, NULL, '2024-08-19 06:42:43', '2024-08-19 07:35:25'),
(9, 9, 1, 1, 5, 10, 0, NULL, NULL, '2024-08-19 06:49:58', '2024-08-19 07:38:36'),
(11, 11, 1, 1, 6, 10, 0, NULL, NULL, '2024-08-19 07:24:25', '2024-08-19 07:31:48'),
(12, 12, 1, 1, 6, 10, 0, NULL, NULL, '2024-08-19 07:31:11', '2024-08-19 10:51:36'),
(13, 13, 1, 1, 5, 10, 0, NULL, NULL, '2024-08-19 07:55:42', '2024-08-19 08:14:35'),
(14, 14, 27, 1, 5, 10, 0, NULL, NULL, '2024-08-19 08:08:10', '2024-08-19 08:08:10'),
(15, 15, 1, 1, 5, 10, 0, NULL, NULL, '2024-08-19 08:34:13', '2024-08-19 08:35:06'),
(16, 16, 25, 1, 5, 10, 0, NULL, NULL, '2024-08-19 08:48:47', '2024-08-19 08:48:47'),
(17, 17, 4, 1, 5, 2, 0, NULL, NULL, '2024-08-19 09:08:49', '2024-08-19 09:08:49'),
(19, 19, 1, 1, 5, 10, 0, NULL, NULL, '2024-08-19 09:40:40', '2024-08-19 09:41:09'),
(20, 20, 4, 1, 5, 10, 0, NULL, NULL, '2024-08-19 09:49:44', '2024-08-19 09:49:44'),
(21, 21, 4, 1, 5, 2, 0, NULL, NULL, '2024-08-19 10:00:43', '2024-08-19 10:00:43'),
(22, 22, 4, 1, 5, 2, 0, NULL, NULL, '2024-08-19 10:14:14', '2024-08-19 10:14:14'),
(23, 23, 4, 1, 5, 2, 0, NULL, NULL, '2024-08-19 10:22:24', '2024-08-19 10:22:24'),
(24, 24, 4, 1, 5, 10, 0, NULL, NULL, '2024-08-20 03:44:34', '2024-08-20 03:44:34'),
(25, 25, 4, 1, 5, 10, 0, NULL, NULL, '2024-08-20 03:49:28', '2024-08-20 03:49:28'),
(26, 26, 4, 1, 5, 10, 0, NULL, NULL, '2024-08-20 03:56:56', '2024-08-20 03:56:56'),
(27, 27, 8, 1, 5, 10, 0, NULL, NULL, '2024-08-20 04:11:46', '2024-08-20 04:11:46'),
(28, 28, 26, 1, 5, 10, 0, NULL, NULL, '2024-08-20 04:33:50', '2024-08-20 04:33:50'),
(29, 29, 26, 1, 6, 10, 0, NULL, NULL, '2024-08-20 04:44:11', '2024-08-20 04:44:11'),
(30, 30, 20, 1, 5, 10, 0, NULL, NULL, '2024-08-20 05:09:24', '2024-08-20 05:09:24'),
(31, 31, 20, 1, 5, 10, 0, NULL, NULL, '2024-08-20 05:17:57', '2024-08-20 05:17:57'),
(32, 32, 11, 1, 5, 10, 0, NULL, NULL, '2024-08-20 06:06:17', '2024-08-20 06:06:17'),
(36, 40, 8, 1, 5, 10, 0, NULL, NULL, '2024-08-20 10:06:53', '2024-08-20 10:06:53'),
(37, 41, 1, 1, 5, 10, 0, NULL, NULL, '2024-08-21 03:35:40', '2024-08-21 03:47:07'),
(38, 42, 11, 1, 5, 10, 0, NULL, NULL, '2024-08-21 03:52:52', '2024-08-21 03:52:52'),
(39, 43, 1, 1, 5, 10, 0, NULL, NULL, '2024-08-21 04:01:42', '2024-08-21 04:02:19'),
(40, 44, 11, 1, 5, 10, 0, NULL, NULL, '2024-08-21 04:14:43', '2024-08-21 04:14:43'),
(41, 45, 1, 1, 5, 10, 0, NULL, NULL, '2024-08-21 04:25:51', '2024-08-21 05:07:30'),
(42, 46, 11, 1, 5, 10, 0, NULL, NULL, '2024-08-21 04:29:26', '2024-08-21 04:29:26'),
(43, 47, 11, 1, 5, 10, 0, NULL, NULL, '2024-08-21 04:37:13', '2024-08-21 04:37:13'),
(44, 48, 11, 1, 5, 10, 0, NULL, NULL, '2024-08-21 04:41:22', '2024-08-21 04:41:22'),
(45, 49, 11, 1, 5, 10, 0, NULL, NULL, '2024-08-21 04:44:13', '2024-08-21 04:44:13'),
(46, 50, 11, 1, 5, 10, 0, NULL, NULL, '2024-08-21 04:53:44', '2024-08-21 04:53:44'),
(47, 51, 11, 1, 5, 10, 0, NULL, NULL, '2024-08-21 05:02:12', '2024-08-21 05:02:12'),
(48, 52, 33, 1, 5, 10, 0, NULL, NULL, '2024-08-21 05:16:43', '2024-08-21 05:16:43'),
(49, 53, 1, 1, 5, 10, 0, NULL, NULL, '2024-08-21 05:51:47', '2024-08-21 05:54:56'),
(50, 54, 1, 1, 5, 10, 0, NULL, NULL, '2024-08-21 06:09:39', '2024-08-21 06:11:20'),
(51, 55, 8, 1, 5, 10, 0, NULL, NULL, '2024-08-21 06:20:58', '2024-08-21 06:20:58'),
(52, 56, 8, 1, 5, 10, 0, NULL, NULL, '2024-08-21 06:27:19', '2024-08-21 06:27:19'),
(53, 57, 3, 1, 5, 10, 0, NULL, NULL, '2024-08-21 10:24:35', '2024-08-21 10:24:35'),
(55, 59, 1, 1, 5, 10, 0, NULL, NULL, '2024-08-21 11:16:15', '2024-08-21 11:34:52'),
(56, 60, 1, 1, 5, 10, 0, NULL, NULL, '2024-08-21 11:38:54', '2024-08-21 11:43:04'),
(57, 61, 4, 1, 5, 10, 0, NULL, NULL, '2024-08-22 03:45:35', '2024-08-22 03:45:35'),
(59, 63, 4, 1, 5, 10, 0, NULL, NULL, '2024-08-22 04:01:52', '2024-08-22 04:01:52'),
(60, 64, 15, 1, 5, 10, 0, NULL, NULL, '2024-08-22 04:09:31', '2024-08-22 04:09:31'),
(61, 65, 13, 1, 5, 10, 0, NULL, NULL, '2024-08-22 04:17:27', '2024-08-22 04:17:27');

-- --------------------------------------------------------

--
-- Table structure for table `stock_errors`
--

CREATE TABLE `stock_errors` (
  `id` bigint UNSIGNED NOT NULL,
  `product_id` bigint UNSIGNED NOT NULL,
  `branch_id` bigint UNSIGNED NOT NULL,
  `order_id` bigint UNSIGNED DEFAULT NULL,
  `error_qty` int NOT NULL,
  `erro_status` enum('Inshop','return') COLLATE utf8mb4_unicode_ci NOT NULL,
  `return_reason` text COLLATE utf8mb4_unicode_ci,
  `created_at` timestamp NULL DEFAULT NULL,
  `updated_at` timestamp NULL DEFAULT NULL
) ENGINE=InnoDB DEFAULT CHARSET=utf8mb4 COLLATE=utf8mb4_unicode_ci;

-- --------------------------------------------------------

--
-- Table structure for table `stock_movements`
--

CREATE TABLE `stock_movements` (
  `id` bigint UNSIGNED NOT NULL,
  `product_id` bigint UNSIGNED NOT NULL,
  `branch_id` bigint UNSIGNED NOT NULL,
  `order_id` bigint UNSIGNED DEFAULT NULL,
  `color` varchar(255) COLLATE utf8mb4_unicode_ci DEFAULT NULL,
  `type` varchar(255) COLLATE utf8mb4_unicode_ci DEFAULT NULL,
  `quantity` int DEFAULT NULL,
  `created_at` timestamp NULL DEFAULT NULL,
  `updated_at` timestamp NULL DEFAULT NULL
) ENGINE=InnoDB DEFAULT CHARSET=utf8mb4 COLLATE=utf8mb4_unicode_ci;

-- --------------------------------------------------------

--
-- Table structure for table `users`
--

CREATE TABLE `users` (
  `id` bigint UNSIGNED NOT NULL,
  `name` varchar(255) COLLATE utf8mb4_unicode_ci NOT NULL,
  `username` varchar(255) COLLATE utf8mb4_unicode_ci DEFAULT NULL,
  `email` varchar(255) COLLATE utf8mb4_unicode_ci NOT NULL,
  `email_verified_at` timestamp NULL DEFAULT NULL,
  `password` varchar(255) COLLATE utf8mb4_unicode_ci NOT NULL,
  `photo` varchar(255) COLLATE utf8mb4_unicode_ci DEFAULT NULL,
  `phone` varchar(255) COLLATE utf8mb4_unicode_ci DEFAULT NULL,
  `aboutme` text COLLATE utf8mb4_unicode_ci,
  `adress` varchar(255) COLLATE utf8mb4_unicode_ci DEFAULT NULL,
  `role` enum('admin','employee','user') COLLATE utf8mb4_unicode_ci NOT NULL DEFAULT 'user',
  `status` enum('active','inactive') COLLATE utf8mb4_unicode_ci NOT NULL DEFAULT 'active',
  `remember_token` varchar(100) COLLATE utf8mb4_unicode_ci DEFAULT NULL,
  `created_at` timestamp NULL DEFAULT NULL,
  `updated_at` timestamp NULL DEFAULT NULL
) ENGINE=InnoDB DEFAULT CHARSET=utf8mb4 COLLATE=utf8mb4_unicode_ci;

--
-- Dumping data for table `users`
--

INSERT INTO `users` (`id`, `name`, `username`, `email`, `email_verified_at`, `password`, `photo`, `phone`, `aboutme`, `adress`, `role`, `status`, `remember_token`, `created_at`, `updated_at`) VALUES
(1, 'admin', 'admin', 'admin@gmail.com', NULL, '$2y$12$ZDsCPSPSJaoxr70onGNnm.mFrA9CblXUv3vpws3NIgUYJ1xmF4sDe', NULL, NULL, NULL, NULL, 'admin', 'active', NULL, '2024-08-18 04:51:26', '2024-08-18 04:51:26'),
(2, 'Myat', 'Myat', 'Myat@gmail.com', NULL, '$2y$12$ALrAIkGC2dEVgX2PDwI1WuWlL4OmmesV8en/kA3kCdHWfkKYNMJEC', NULL, NULL, NULL, NULL, 'admin', 'active', NULL, '2024-08-18 04:51:27', '2024-08-18 04:51:27'),
(3, 'kaung', 'kaung', 'kaung@gmail.com', NULL, '$2y$12$w5SvuWbfQ1K98xVSSrWy6Owcz21NCwMI5doSuxWo8xB43zqlkfVva', NULL, NULL, NULL, NULL, 'employee', 'active', NULL, '2024-08-18 04:51:27', '2024-08-18 04:51:27'),
(4, 'Zaw', 'zaw', 'zaw@gmail.com', NULL, '$2y$12$slnD1Dh/HwVE2wJq7qFOUeTBQw.2uDHmk3uefgmz9xei4yzGNHMNK', NULL, NULL, NULL, NULL, 'employee', 'active', NULL, '2024-08-18 04:51:27', '2024-08-18 04:51:27'),
(5, 'user', 'user', 'user@gmail.com', NULL, '$2y$12$VwV2EbWV8it0ynl9femXzOXoBVYBc23dDkwpplAe.fIUUt6sTJPRe', NULL, NULL, NULL, NULL, 'user', 'active', NULL, '2024-08-18 04:51:27', '2024-08-18 04:51:27');

-- --------------------------------------------------------

--
-- Table structure for table `user_infos`
--

CREATE TABLE `user_infos` (
  `id` bigint UNSIGNED NOT NULL,
  `user_id` bigint UNSIGNED NOT NULL,
  `division_id` bigint UNSIGNED NOT NULL,
  `district_id` bigint UNSIGNED NOT NULL,
  `state_id` bigint UNSIGNED NOT NULL,
  `adress` varchar(255) COLLATE utf8mb4_unicode_ci DEFAULT NULL,
  `created_at` timestamp NULL DEFAULT NULL,
  `updated_at` timestamp NULL DEFAULT NULL
) ENGINE=InnoDB DEFAULT CHARSET=utf8mb4 COLLATE=utf8mb4_unicode_ci;

-- --------------------------------------------------------

--
-- Table structure for table `wishlists`
--

CREATE TABLE `wishlists` (
  `id` bigint UNSIGNED NOT NULL,
  `user_id` bigint UNSIGNED NOT NULL,
  `product_id` bigint UNSIGNED NOT NULL,
  `created_at` timestamp NULL DEFAULT NULL,
  `updated_at` timestamp NULL DEFAULT NULL
) ENGINE=InnoDB DEFAULT CHARSET=utf8mb4 COLLATE=utf8mb4_unicode_ci;

--
-- Dumping data for table `wishlists`
--

INSERT INTO `wishlists` (`id`, `user_id`, `product_id`, `created_at`, `updated_at`) VALUES
(2, 3, 5, '2024-08-19 09:15:02', NULL),
(3, 3, 45, '2024-08-21 05:07:46', NULL),
(4, 3, 53, '2024-08-21 05:52:06', NULL);

--
-- Indexes for dumped tables
--

--
-- Indexes for table `accountants`
--
ALTER TABLE `accountants`
  ADD PRIMARY KEY (`id`),
  ADD KEY `accountants_product_id_foreign` (`product_id`),
  ADD KEY `accountants_brand_id_foreign` (`brand_id`);

--
-- Indexes for table `branches`
--
ALTER TABLE `branches`
  ADD PRIMARY KEY (`id`);

--
-- Indexes for table `brands`
--
ALTER TABLE `brands`
  ADD PRIMARY KEY (`id`),
  ADD UNIQUE KEY `brands_brand_name_unique` (`brand_name`);

--
-- Indexes for table `category_subcategory_belongs`
--
ALTER TABLE `category_subcategory_belongs`
  ADD KEY `category_subcategory_belongs_product_category_id_foreign` (`product_category_id`),
  ADD KEY `category_subcategory_belongs_product_subcategory_id_foreign` (`product_subcategory_id`);

--
-- Indexes for table `comments`
--
ALTER TABLE `comments`
  ADD PRIMARY KEY (`id`),
  ADD KEY `comments_user_id_foreign` (`user_id`),
  ADD KEY `comments_parent_id_foreign` (`parent_id`),
  ADD KEY `comments_product_id_foreign` (`product_id`);

--
-- Indexes for table `compares`
--
ALTER TABLE `compares`
  ADD PRIMARY KEY (`id`),
  ADD KEY `compares_user_id_foreign` (`user_id`),
  ADD KEY `compares_product_id_foreign` (`product_id`);

--
-- Indexes for table `coupons`
--
ALTER TABLE `coupons`
  ADD PRIMARY KEY (`id`);

--
-- Indexes for table `employee_infos`
--
ALTER TABLE `employee_infos`
  ADD PRIMARY KEY (`id`),
  ADD UNIQUE KEY `employee_infos_user_id_unique` (`user_id`);

--
-- Indexes for table `failed_jobs`
--
ALTER TABLE `failed_jobs`
  ADD PRIMARY KEY (`id`),
  ADD UNIQUE KEY `failed_jobs_uuid_unique` (`uuid`);

--
-- Indexes for table `migrations`
--
ALTER TABLE `migrations`
  ADD PRIMARY KEY (`id`);

--
-- Indexes for table `model_has_permissions`
--
ALTER TABLE `model_has_permissions`
  ADD PRIMARY KEY (`permission_id`,`model_id`,`model_type`),
  ADD KEY `model_has_permissions_model_id_model_type_index` (`model_id`,`model_type`);

--
-- Indexes for table `model_has_roles`
--
ALTER TABLE `model_has_roles`
  ADD PRIMARY KEY (`role_id`,`model_id`,`model_type`),
  ADD KEY `model_has_roles_model_id_model_type_index` (`model_id`,`model_type`);

--
-- Indexes for table `multi_imgs`
--
ALTER TABLE `multi_imgs`
  ADD PRIMARY KEY (`id`);

--
-- Indexes for table `orders`
--
ALTER TABLE `orders`
  ADD PRIMARY KEY (`id`);

--
-- Indexes for table `order_items`
--
ALTER TABLE `order_items`
  ADD PRIMARY KEY (`id`),
  ADD KEY `order_items_order_id_foreign` (`order_id`),
  ADD KEY `order_items_product_id_foreign` (`product_id`);

--
-- Indexes for table `password_reset_tokens`
--
ALTER TABLE `password_reset_tokens`
  ADD PRIMARY KEY (`email`);

--
-- Indexes for table `permissions`
--
ALTER TABLE `permissions`
  ADD PRIMARY KEY (`id`),
  ADD UNIQUE KEY `permissions_name_guard_name_unique` (`name`,`guard_name`);

--
-- Indexes for table `personal_access_tokens`
--
ALTER TABLE `personal_access_tokens`
  ADD PRIMARY KEY (`id`),
  ADD UNIQUE KEY `personal_access_tokens_token_unique` (`token`),
  ADD KEY `personal_access_tokens_tokenable_type_tokenable_id_index` (`tokenable_type`,`tokenable_id`);

--
-- Indexes for table `prices`
--
ALTER TABLE `prices`
  ADD PRIMARY KEY (`id`),
  ADD KEY `prices_product_id_foreign` (`product_id`);

--
-- Indexes for table `products`
--
ALTER TABLE `products`
  ADD PRIMARY KEY (`id`),
  ADD KEY `products_user_id_foreign` (`user_id`),
  ADD KEY `products_product_type_id_foreign` (`product_type_id`);

--
-- Indexes for table `product_brand_belongs`
--
ALTER TABLE `product_brand_belongs`
  ADD KEY `product_brand_belongs_product_id_foreign` (`product_id`),
  ADD KEY `product_brand_belongs_brand_id_foreign` (`brand_id`);

--
-- Indexes for table `product_categories`
--
ALTER TABLE `product_categories`
  ADD PRIMARY KEY (`id`),
  ADD UNIQUE KEY `product_categories_product_category_name_unique` (`product_category_name`);

--
-- Indexes for table `product_category_belongs`
--
ALTER TABLE `product_category_belongs`
  ADD KEY `product_category_belongs_product_id_foreign` (`product_id`),
  ADD KEY `product_category_belongs_product_category_id_foreign` (`product_category_id`);

--
-- Indexes for table `product_colors`
--
ALTER TABLE `product_colors`
  ADD PRIMARY KEY (`id`);

--
-- Indexes for table `product_color_belongs`
--
ALTER TABLE `product_color_belongs`
  ADD KEY `product_color_belongs_product_id_foreign` (`product_id`),
  ADD KEY `product_color_belongs_product_color_id_foreign` (`product_color_id`);

--
-- Indexes for table `product_infos`
--
ALTER TABLE `product_infos`
  ADD PRIMARY KEY (`id`),
  ADD KEY `product_infos_product_id_foreign` (`product_id`);

--
-- Indexes for table `product_subcategory_belongs`
--
ALTER TABLE `product_subcategory_belongs`
  ADD KEY `product_subcategory_belongs_product_id_foreign` (`product_id`),
  ADD KEY `product_subcategory_belongs_product_subcategory_id_foreign` (`product_subcategory_id`);

--
-- Indexes for table `product_sub_categories`
--
ALTER TABLE `product_sub_categories`
  ADD PRIMARY KEY (`id`),
  ADD UNIQUE KEY `product_sub_categories_product_subcategory_name_unique` (`product_subcategory_name`);

--
-- Indexes for table `product_types`
--
ALTER TABLE `product_types`
  ADD PRIMARY KEY (`id`);

--
-- Indexes for table `return_orders`
--
ALTER TABLE `return_orders`
  ADD PRIMARY KEY (`id`),
  ADD KEY `return_orders_product_id_foreign` (`product_id`),
  ADD KEY `return_orders_branch_id_foreign` (`branch_id`),
  ADD KEY `return_orders_order_id_foreign` (`order_id`);

--
-- Indexes for table `roles`
--
ALTER TABLE `roles`
  ADD PRIMARY KEY (`id`),
  ADD UNIQUE KEY `roles_name_guard_name_unique` (`name`,`guard_name`);

--
-- Indexes for table `role_has_permissions`
--
ALTER TABLE `role_has_permissions`
  ADD PRIMARY KEY (`permission_id`,`role_id`),
  ADD KEY `role_has_permissions_role_id_foreign` (`role_id`);

--
-- Indexes for table `salaries`
--
ALTER TABLE `salaries`
  ADD PRIMARY KEY (`id`),
  ADD KEY `salaries_user_id_foreign` (`user_id`);

--
-- Indexes for table `ship_districts`
--
ALTER TABLE `ship_districts`
  ADD PRIMARY KEY (`id`);

--
-- Indexes for table `ship_divisions`
--
ALTER TABLE `ship_divisions`
  ADD PRIMARY KEY (`id`);

--
-- Indexes for table `ship_states`
--
ALTER TABLE `ship_states`
  ADD PRIMARY KEY (`id`);

--
-- Indexes for table `shopping_cart`
--
ALTER TABLE `shopping_cart`
  ADD PRIMARY KEY (`identifier`,`instance`);

--
-- Indexes for table `stocks`
--
ALTER TABLE `stocks`
  ADD PRIMARY KEY (`id`),
  ADD KEY `stocks_product_id_foreign` (`product_id`),
  ADD KEY `stocks_brand_id_foreign` (`brand_id`),
  ADD KEY `stocks_branch_id_foreign` (`branch_id`),
  ADD KEY `stocks_product_color_id_foreign` (`product_color_id`);

--
-- Indexes for table `stock_errors`
--
ALTER TABLE `stock_errors`
  ADD PRIMARY KEY (`id`),
  ADD KEY `stock_errors_product_id_foreign` (`product_id`),
  ADD KEY `stock_errors_branch_id_foreign` (`branch_id`),
  ADD KEY `stock_errors_order_id_foreign` (`order_id`);

--
-- Indexes for table `stock_movements`
--
ALTER TABLE `stock_movements`
  ADD PRIMARY KEY (`id`),
  ADD KEY `stock_movements_product_id_foreign` (`product_id`),
  ADD KEY `stock_movements_branch_id_foreign` (`branch_id`),
  ADD KEY `stock_movements_order_id_foreign` (`order_id`);

--
-- Indexes for table `users`
--
ALTER TABLE `users`
  ADD PRIMARY KEY (`id`),
  ADD UNIQUE KEY `users_email_unique` (`email`);

--
-- Indexes for table `user_infos`
--
ALTER TABLE `user_infos`
  ADD PRIMARY KEY (`id`);

--
-- Indexes for table `wishlists`
--
ALTER TABLE `wishlists`
  ADD PRIMARY KEY (`id`),
  ADD KEY `wishlists_user_id_foreign` (`user_id`),
  ADD KEY `wishlists_product_id_foreign` (`product_id`);

--
-- AUTO_INCREMENT for dumped tables
--

--
-- AUTO_INCREMENT for table `accountants`
--
ALTER TABLE `accountants`
  MODIFY `id` bigint UNSIGNED NOT NULL AUTO_INCREMENT;

--
-- AUTO_INCREMENT for table `branches`
--
ALTER TABLE `branches`
  MODIFY `id` bigint UNSIGNED NOT NULL AUTO_INCREMENT, AUTO_INCREMENT=3;

--
-- AUTO_INCREMENT for table `brands`
--
ALTER TABLE `brands`
  MODIFY `id` bigint UNSIGNED NOT NULL AUTO_INCREMENT, AUTO_INCREMENT=43;

--
-- AUTO_INCREMENT for table `comments`
--
ALTER TABLE `comments`
  MODIFY `id` bigint UNSIGNED NOT NULL AUTO_INCREMENT;

--
-- AUTO_INCREMENT for table `compares`
--
ALTER TABLE `compares`
  MODIFY `id` bigint UNSIGNED NOT NULL AUTO_INCREMENT, AUTO_INCREMENT=2;

--
-- AUTO_INCREMENT for table `coupons`
--
ALTER TABLE `coupons`
  MODIFY `id` bigint UNSIGNED NOT NULL AUTO_INCREMENT;

--
-- AUTO_INCREMENT for table `employee_infos`
--
ALTER TABLE `employee_infos`
  MODIFY `id` bigint UNSIGNED NOT NULL AUTO_INCREMENT, AUTO_INCREMENT=3;

--
-- AUTO_INCREMENT for table `failed_jobs`
--
ALTER TABLE `failed_jobs`
  MODIFY `id` bigint UNSIGNED NOT NULL AUTO_INCREMENT;

--
-- AUTO_INCREMENT for table `migrations`
--
ALTER TABLE `migrations`
  MODIFY `id` int UNSIGNED NOT NULL AUTO_INCREMENT, AUTO_INCREMENT=39;

--
-- AUTO_INCREMENT for table `multi_imgs`
--
ALTER TABLE `multi_imgs`
  MODIFY `id` bigint UNSIGNED NOT NULL AUTO_INCREMENT, AUTO_INCREMENT=324;

--
-- AUTO_INCREMENT for table `orders`
--
ALTER TABLE `orders`
  MODIFY `id` bigint UNSIGNED NOT NULL AUTO_INCREMENT;

--
-- AUTO_INCREMENT for table `order_items`
--
ALTER TABLE `order_items`
  MODIFY `id` bigint UNSIGNED NOT NULL AUTO_INCREMENT;

--
-- AUTO_INCREMENT for table `permissions`
--
ALTER TABLE `permissions`
  MODIFY `id` bigint UNSIGNED NOT NULL AUTO_INCREMENT;

--
-- AUTO_INCREMENT for table `personal_access_tokens`
--
ALTER TABLE `personal_access_tokens`
  MODIFY `id` bigint UNSIGNED NOT NULL AUTO_INCREMENT;

--
-- AUTO_INCREMENT for table `prices`
--
ALTER TABLE `prices`
  MODIFY `id` bigint UNSIGNED NOT NULL AUTO_INCREMENT, AUTO_INCREMENT=63;

--
-- AUTO_INCREMENT for table `products`
--
ALTER TABLE `products`
  MODIFY `id` bigint UNSIGNED NOT NULL AUTO_INCREMENT, AUTO_INCREMENT=67;

--
-- AUTO_INCREMENT for table `product_categories`
--
ALTER TABLE `product_categories`
  MODIFY `id` bigint UNSIGNED NOT NULL AUTO_INCREMENT, AUTO_INCREMENT=12;

--
-- AUTO_INCREMENT for table `product_colors`
--
ALTER TABLE `product_colors`
  MODIFY `id` bigint UNSIGNED NOT NULL AUTO_INCREMENT, AUTO_INCREMENT=11;

--
-- AUTO_INCREMENT for table `product_infos`
--
ALTER TABLE `product_infos`
  MODIFY `id` bigint UNSIGNED NOT NULL AUTO_INCREMENT, AUTO_INCREMENT=63;

--
-- AUTO_INCREMENT for table `product_sub_categories`
--
ALTER TABLE `product_sub_categories`
  MODIFY `id` bigint UNSIGNED NOT NULL AUTO_INCREMENT, AUTO_INCREMENT=16;

--
-- AUTO_INCREMENT for table `product_types`
--
ALTER TABLE `product_types`
  MODIFY `id` bigint UNSIGNED NOT NULL AUTO_INCREMENT, AUTO_INCREMENT=5;

--
-- AUTO_INCREMENT for table `return_orders`
--
ALTER TABLE `return_orders`
  MODIFY `id` bigint UNSIGNED NOT NULL AUTO_INCREMENT;

--
-- AUTO_INCREMENT for table `roles`
--
ALTER TABLE `roles`
  MODIFY `id` bigint UNSIGNED NOT NULL AUTO_INCREMENT, AUTO_INCREMENT=5;

--
-- AUTO_INCREMENT for table `salaries`
--
ALTER TABLE `salaries`
  MODIFY `id` bigint UNSIGNED NOT NULL AUTO_INCREMENT, AUTO_INCREMENT=3;

--
-- AUTO_INCREMENT for table `ship_districts`
--
ALTER TABLE `ship_districts`
  MODIFY `id` bigint UNSIGNED NOT NULL AUTO_INCREMENT, AUTO_INCREMENT=13;

--
-- AUTO_INCREMENT for table `ship_divisions`
--
ALTER TABLE `ship_divisions`
  MODIFY `id` bigint UNSIGNED NOT NULL AUTO_INCREMENT, AUTO_INCREMENT=16;

--
-- AUTO_INCREMENT for table `ship_states`
--
ALTER TABLE `ship_states`
  MODIFY `id` bigint UNSIGNED NOT NULL AUTO_INCREMENT, AUTO_INCREMENT=79;

--
-- AUTO_INCREMENT for table `stocks`
--
ALTER TABLE `stocks`
  MODIFY `id` bigint UNSIGNED NOT NULL AUTO_INCREMENT, AUTO_INCREMENT=63;

--
-- AUTO_INCREMENT for table `stock_errors`
--
ALTER TABLE `stock_errors`
  MODIFY `id` bigint UNSIGNED NOT NULL AUTO_INCREMENT;

--
-- AUTO_INCREMENT for table `stock_movements`
--
ALTER TABLE `stock_movements`
  MODIFY `id` bigint UNSIGNED NOT NULL AUTO_INCREMENT;

--
-- AUTO_INCREMENT for table `users`
--
ALTER TABLE `users`
  MODIFY `id` bigint UNSIGNED NOT NULL AUTO_INCREMENT, AUTO_INCREMENT=13;

--
-- AUTO_INCREMENT for table `user_infos`
--
ALTER TABLE `user_infos`
  MODIFY `id` bigint UNSIGNED NOT NULL AUTO_INCREMENT;

--
-- AUTO_INCREMENT for table `wishlists`
--
ALTER TABLE `wishlists`
  MODIFY `id` bigint UNSIGNED NOT NULL AUTO_INCREMENT, AUTO_INCREMENT=5;

--
-- Constraints for dumped tables
--

--
-- Constraints for table `accountants`
--
ALTER TABLE `accountants`
  ADD CONSTRAINT `accountants_brand_id_foreign` FOREIGN KEY (`brand_id`) REFERENCES `brands` (`id`) ON DELETE CASCADE,
  ADD CONSTRAINT `accountants_product_id_foreign` FOREIGN KEY (`product_id`) REFERENCES `products` (`id`) ON DELETE CASCADE;

--
-- Constraints for table `category_subcategory_belongs`
--
ALTER TABLE `category_subcategory_belongs`
  ADD CONSTRAINT `category_subcategory_belongs_product_category_id_foreign` FOREIGN KEY (`product_category_id`) REFERENCES `product_categories` (`id`) ON DELETE CASCADE,
  ADD CONSTRAINT `category_subcategory_belongs_product_subcategory_id_foreign` FOREIGN KEY (`product_subcategory_id`) REFERENCES `product_sub_categories` (`id`) ON DELETE CASCADE;

--
-- Constraints for table `comments`
--
ALTER TABLE `comments`
  ADD CONSTRAINT `comments_parent_id_foreign` FOREIGN KEY (`parent_id`) REFERENCES `comments` (`id`) ON DELETE CASCADE,
  ADD CONSTRAINT `comments_product_id_foreign` FOREIGN KEY (`product_id`) REFERENCES `products` (`id`) ON DELETE CASCADE,
  ADD CONSTRAINT `comments_user_id_foreign` FOREIGN KEY (`user_id`) REFERENCES `users` (`id`) ON DELETE CASCADE;

--
-- Constraints for table `compares`
--
ALTER TABLE `compares`
  ADD CONSTRAINT `compares_product_id_foreign` FOREIGN KEY (`product_id`) REFERENCES `products` (`id`) ON DELETE CASCADE,
  ADD CONSTRAINT `compares_user_id_foreign` FOREIGN KEY (`user_id`) REFERENCES `users` (`id`) ON DELETE CASCADE;

--
-- Constraints for table `employee_infos`
--
ALTER TABLE `employee_infos`
  ADD CONSTRAINT `employee_infos_user_id_foreign` FOREIGN KEY (`user_id`) REFERENCES `users` (`id`) ON DELETE CASCADE;

--
-- Constraints for table `model_has_permissions`
--
ALTER TABLE `model_has_permissions`
  ADD CONSTRAINT `model_has_permissions_permission_id_foreign` FOREIGN KEY (`permission_id`) REFERENCES `permissions` (`id`) ON DELETE CASCADE;

--
-- Constraints for table `model_has_roles`
--
ALTER TABLE `model_has_roles`
  ADD CONSTRAINT `model_has_roles_role_id_foreign` FOREIGN KEY (`role_id`) REFERENCES `roles` (`id`) ON DELETE CASCADE;

--
-- Constraints for table `order_items`
--
ALTER TABLE `order_items`
  ADD CONSTRAINT `order_items_order_id_foreign` FOREIGN KEY (`order_id`) REFERENCES `orders` (`id`) ON DELETE CASCADE,
  ADD CONSTRAINT `order_items_product_id_foreign` FOREIGN KEY (`product_id`) REFERENCES `products` (`id`) ON DELETE CASCADE;

--
-- Constraints for table `prices`
--
ALTER TABLE `prices`
  ADD CONSTRAINT `prices_product_id_foreign` FOREIGN KEY (`product_id`) REFERENCES `products` (`id`) ON DELETE CASCADE;

--
-- Constraints for table `products`
--
ALTER TABLE `products`
  ADD CONSTRAINT `products_product_type_id_foreign` FOREIGN KEY (`product_type_id`) REFERENCES `product_types` (`id`) ON DELETE CASCADE,
  ADD CONSTRAINT `products_user_id_foreign` FOREIGN KEY (`user_id`) REFERENCES `users` (`id`) ON DELETE CASCADE;

--
-- Constraints for table `product_brand_belongs`
--
ALTER TABLE `product_brand_belongs`
  ADD CONSTRAINT `product_brand_belongs_brand_id_foreign` FOREIGN KEY (`brand_id`) REFERENCES `brands` (`id`) ON DELETE CASCADE,
  ADD CONSTRAINT `product_brand_belongs_product_id_foreign` FOREIGN KEY (`product_id`) REFERENCES `products` (`id`) ON DELETE CASCADE;

--
-- Constraints for table `product_category_belongs`
--
ALTER TABLE `product_category_belongs`
  ADD CONSTRAINT `product_category_belongs_product_category_id_foreign` FOREIGN KEY (`product_category_id`) REFERENCES `product_categories` (`id`) ON DELETE CASCADE,
  ADD CONSTRAINT `product_category_belongs_product_id_foreign` FOREIGN KEY (`product_id`) REFERENCES `products` (`id`) ON DELETE CASCADE;

--
-- Constraints for table `product_color_belongs`
--
ALTER TABLE `product_color_belongs`
  ADD CONSTRAINT `product_color_belongs_product_color_id_foreign` FOREIGN KEY (`product_color_id`) REFERENCES `product_colors` (`id`) ON DELETE CASCADE,
  ADD CONSTRAINT `product_color_belongs_product_id_foreign` FOREIGN KEY (`product_id`) REFERENCES `products` (`id`) ON DELETE CASCADE;

--
-- Constraints for table `product_infos`
--
ALTER TABLE `product_infos`
  ADD CONSTRAINT `product_infos_product_id_foreign` FOREIGN KEY (`product_id`) REFERENCES `products` (`id`) ON DELETE CASCADE;

--
-- Constraints for table `product_subcategory_belongs`
--
ALTER TABLE `product_subcategory_belongs`
  ADD CONSTRAINT `product_subcategory_belongs_product_id_foreign` FOREIGN KEY (`product_id`) REFERENCES `products` (`id`) ON DELETE CASCADE,
  ADD CONSTRAINT `product_subcategory_belongs_product_subcategory_id_foreign` FOREIGN KEY (`product_subcategory_id`) REFERENCES `product_sub_categories` (`id`) ON DELETE CASCADE;

--
-- Constraints for table `return_orders`
--
ALTER TABLE `return_orders`
  ADD CONSTRAINT `return_orders_branch_id_foreign` FOREIGN KEY (`branch_id`) REFERENCES `branches` (`id`) ON DELETE CASCADE,
  ADD CONSTRAINT `return_orders_order_id_foreign` FOREIGN KEY (`order_id`) REFERENCES `orders` (`id`) ON DELETE SET NULL,
  ADD CONSTRAINT `return_orders_product_id_foreign` FOREIGN KEY (`product_id`) REFERENCES `products` (`id`) ON DELETE CASCADE;

--
-- Constraints for table `role_has_permissions`
--
ALTER TABLE `role_has_permissions`
  ADD CONSTRAINT `role_has_permissions_permission_id_foreign` FOREIGN KEY (`permission_id`) REFERENCES `permissions` (`id`) ON DELETE CASCADE,
  ADD CONSTRAINT `role_has_permissions_role_id_foreign` FOREIGN KEY (`role_id`) REFERENCES `roles` (`id`) ON DELETE CASCADE;

--
-- Constraints for table `salaries`
--
ALTER TABLE `salaries`
  ADD CONSTRAINT `salaries_user_id_foreign` FOREIGN KEY (`user_id`) REFERENCES `users` (`id`);

--
-- Constraints for table `stocks`
--
ALTER TABLE `stocks`
  ADD CONSTRAINT `stocks_branch_id_foreign` FOREIGN KEY (`branch_id`) REFERENCES `branches` (`id`) ON DELETE CASCADE,
  ADD CONSTRAINT `stocks_brand_id_foreign` FOREIGN KEY (`brand_id`) REFERENCES `brands` (`id`) ON DELETE CASCADE,
  ADD CONSTRAINT `stocks_product_color_id_foreign` FOREIGN KEY (`product_color_id`) REFERENCES `product_colors` (`id`) ON DELETE CASCADE,
  ADD CONSTRAINT `stocks_product_id_foreign` FOREIGN KEY (`product_id`) REFERENCES `products` (`id`) ON DELETE CASCADE;

--
-- Constraints for table `stock_errors`
--
ALTER TABLE `stock_errors`
  ADD CONSTRAINT `stock_errors_branch_id_foreign` FOREIGN KEY (`branch_id`) REFERENCES `branches` (`id`) ON DELETE CASCADE,
  ADD CONSTRAINT `stock_errors_order_id_foreign` FOREIGN KEY (`order_id`) REFERENCES `orders` (`id`) ON DELETE SET NULL,
  ADD CONSTRAINT `stock_errors_product_id_foreign` FOREIGN KEY (`product_id`) REFERENCES `products` (`id`) ON DELETE CASCADE;

--
-- Constraints for table `stock_movements`
--
ALTER TABLE `stock_movements`
  ADD CONSTRAINT `stock_movements_branch_id_foreign` FOREIGN KEY (`branch_id`) REFERENCES `branches` (`id`) ON DELETE CASCADE,
  ADD CONSTRAINT `stock_movements_order_id_foreign` FOREIGN KEY (`order_id`) REFERENCES `orders` (`id`) ON DELETE SET NULL,
  ADD CONSTRAINT `stock_movements_product_id_foreign` FOREIGN KEY (`product_id`) REFERENCES `products` (`id`) ON DELETE CASCADE;

--
-- Constraints for table `wishlists`
--
ALTER TABLE `wishlists`
  ADD CONSTRAINT `wishlists_product_id_foreign` FOREIGN KEY (`product_id`) REFERENCES `products` (`id`) ON DELETE CASCADE,
  ADD CONSTRAINT `wishlists_user_id_foreign` FOREIGN KEY (`user_id`) REFERENCES `users` (`id`) ON DELETE CASCADE;
COMMIT;

/*!40101 SET CHARACTER_SET_CLIENT=@OLD_CHARACTER_SET_CLIENT */;
/*!40101 SET CHARACTER_SET_RESULTS=@OLD_CHARACTER_SET_RESULTS */;
/*!40101 SET COLLATION_CONNECTION=@OLD_COLLATION_CONNECTION */;
